15625,PST,'RESERVOIR ELEVATION (feet)'
20070430,0000,2575.56
20070528,0000,2574.26
20070529,0000,2573.70
20070530,0000,2572.23
20070531,0000,2571.26
20070601,0000,2572.05
20070602,0000,2572.02
20070603,0000,2572.22
20070604,0000,2571.57
20070605,0000,2571.62
20070606,0000,2570.90
20070607,0000,2569.35
20070608,0000,2566.81
20070609,0000,2568.57
20070610,0000,2570.90
20070611,0000,2570.02
20070612,0000,2569.43
20070613,0000,2569.43
20070614,0000,2567.89
20070615,0000,2566.90
20070616,0000,2567.92
20070617,0000,2571.40
20070618,0000,2570.84
20070619,0000,2570.40
20070620,0000,2570.13
20070621,0000,2569.52
20070622,0000,2569.10
20070623,0000,2570.69
20070624,0000,2573.20
20070625,0000,2572.87
20070702,0000,2572.24
20070703,0000,2570.03
20070704,0000,2570.77
20070705,0000,2570.18
20070706,0000,2568.40
20070707,0000,2569.15
20070708,0000,2572.96
20070709,0000,2572.85
20070710,0000,2573.23
20070711,0000,2571.57
20070712,0000,2570.40
20070713,0000,2568.80
20070714,0000,2569.40
20070715,0000,2572.01
20070716,0000,2572.43
20070717,0000,2572.69
20070718,0000,2572.69
20070719,0000,2570.43
20070720,0000,2569.96
20070721,0000,2571.36
20070722,0000,2573.32
20070801,0000,2570.25
20070802,0000,2569.74
20070803,0000,2568.42
20070804,0000,2569.36
20070805,0000,2572.62
20070806,0000,2571.43
20070807,0000,2572.66
20070808,0000,2573.11
20070809,0000,2572.79
20070810,0000,2572.04
20070811,0000,2572.99
20070812,0000,2575.16
20070813,0000,2574.52
20070814,0000,2573.43
20070815,0000,2573.16
20070816,0000,2572.60
20070817,0000,2570.99
20070818,0000,2571.23
20070819,0000,2573.32
20070820,0000,2572.14
20070821,0000,2572.43
20070822,0000,2571.78
20070823,0000,2570.37
20070824,0000,2568.71
20070825,0000,2571.37
20070826,0000,2572.64
20070827,0000,2573.37
20070828,0000,2572.25
20070829,0000,2571.27
20070830,0000,2569.74
20070831,0000,2569.42
20070901,0000,2571.00
20070902,0000,2573.40
20070903,0000,2574.45
20070904,0000,2575.02
20070905,0000,2574.23
20070906,0000,2571.78
20070907,0000,2571.11
20070908,0000,2573.11
20070909,0000,2574.97
20070910,0000,2574.90
20070911,0000,2575.08
20070912,0000,2575.02
20070913,0000,2576.57
20070914,0000,2573.11
20070915,0000,2573.04
20070916,0000,2574.88
20070917,0000,2574.34
20070918,0000,2574.82
20070919,0000,2574.18
20070920,0000,2572.82
20070921,0000,2571.79
20070922,0000,2572.64
20070923,0000,2575.88
20070924,0000,2575.26
20070925,0000,2575.32
20070926,0000,2574.59
20070927,0000,2574.07
20070928,0000,2573.18
20070929,0000,2573.91
20070930,0000,2575.08
20071001,0000,2574.62
20071002,0000,2572.73
20071003,0000,2571.37
20071004,0000,2570.02
20071005,0000,2570.73
20071006,0000,2571.44
20071007,0000,2572.08
20071008,0000,2571.64
20071009,0000,2570.73
20071010,0000,2570.29
20071011,0000,2569.99
20071012,0000,2569.93
20071013,0000,2572.18
20071014,0000,2572.76
20071015,0000,2572.82
20071016,0000,2572.38
20071017,0000,2573.73
20071018,0000,2571.76
20071019,0000,2570.78
20071020,0000,2572.26
20071021,0000,2572.53
20071022,0000,2574.91
20071023,0000,2574.43
20071024,0000,2573.37
20071025,0000,2571.76
20071026,0000,2570.87
20071027,0000,2571.62
20071028,0000,2572.69
20071029,0000,2570.73
20071030,0000,2570.20
20071031,0000,2568.22
20071101,0000,2568.20
20071102,0000,2566.99
20071103,0000,2567.10
20071104,0000,2567.40
20071105,0000,2567.57
20071106,0000,2567.57
20071107,0000,2567.43
20071108,0000,2567.24
20071109,0000,2567.14
20071110,0000,2566.96
20071111,0000,2568.93
20071112,0000,2569.96
20071113,0000,2569.57
20071114,0000,2569.33
20071115,0000,2567.31
20071116,0000,2566.92
20071117,0000,2568.13
20071118,0000,2569.57
20071119,0000,2569.29
20071120,0000,2568.64
20071121,0000,2569.52
20071122,0000,2570.05
20071123,0000,2569.70
20071124,0000,2569.10
20071125,0000,2568.46
20071126,0000,2567.75
20071127,0000,2567.99
20071128,0000,2567.31
20071129,0000,2567.40
20071130,0000,2566.40
20071201,0000,2567.85
20071202,0000,2569.81
20071203,0000,2570.65
20071204,0000,2571.05
20071205,0000,2571.29
20071206,0000,2571.35
20071207,0000,2571.26
20071208,0000,2572.62
20071209,0000,2572.96
20071210,0000,2571.91
20071211,0000,2572.54
20071212,0000,2572.32
20071213,0000,2571.59
20071214,0000,2572.05
20071215,0000,2572.18
20071216,0000,2572.24
20071217,0000,2571.44
20071218,0000,2570.85
20071219,0000,2570.38
20071220,0000,2570.33
20071221,0000,2568.64
20071222,0000,2569.11
20071223,0000,2569.95
20071224,0000,2569.43
20071225,0000,2569.23
20071226,0000,2569.64
20071227,0000,2569.37
20071228,0000,2568.49
20071229,0000,2570.25
20071230,0000,2572.51
20071231,0000,2572.56
20080101,0000,2573.02
20080102,0000,2572.14
20080103,0000,2570.95
20080104,0000,2570.40
20080105,0000,2571.51
20080106,0000,2571.93
20080107,0000,2570.80
20080108,0000,2570.04
20080109,0000,2570.40
20080110,0000,2569.87
20080111,0000,2568.87
20080112,0000,2570.56
20080113,0000,2572.18
20080114,0000,2572.74
20080115,0000,2572.90
20080116,0000,2572.49
20080117,0000,2572.99
20080118,0000,2572.59
20080119,0000,2573.44
20080120,0000,2575.01
20080121,0000,2574.87
20080122,0000,2574.57
20080123,0000,2573.77
20080124,0000,2573.36
20080125,0000,2573.21
20080126,0000,2573.30
20080127,0000,2575.07
20080128,0000,2573.98
20080129,0000,2574.14
20080130,0000,2573.44
20080131,0000,2573.09
20080201,0000,2572.70
20080202,0000,2573.71
20080203,0000,2574.95
20080204,0000,2574.79
20080205,0000,2574.45
20080206,0000,2574.12
20080207,0000,2573.98
20080208,0000,2573.14
20080209,0000,2571.79
20080210,0000,2571.18
20080211,0000,2570.93
20080212,0000,2570.67
20080213,0000,2571.18
20080214,0000,2572.71
20080215,0000,2573.51
20080216,0000,2574.10
20080217,0000,2575.74
20080218,0000,2575.30
20080219,0000,2573.09
20080220,0000,2569.95
20080221,0000,2567.34
20080222,0000,2562.84
20080223,0000,2560.95
20080224,0000,2560.23
20080225,0000,2558.26
20080226,0000,2555.59
20080227,0000,2554.21
20080228,0000,2552.79
20080229,0000,2550.22
20080301,0000,2550.40
20080302,0000,2549.78
20080303,0000,2549.89
20080304,0000,2550.37
20080305,0000,2550.79
20080306,0000,2551.40
20080307,0000,2552.00
20080308,0000,2550.99
20080309,0000,2550.37
20080310,0000,2551.25
20080311,0000,2550.01
20080312,0000,2549.88
20080313,0000,2550.32
20080314,0000,2550.34
20080315,0000,2550.62
20080316,0000,2551.43
20080317,0000,2550.25
20080318,0000,2548.41
20080319,0000,2548.19
20080320,0000,2547.78
20080321,0000,2548.24
20080322,0000,2549.90
20080323,0000,2553.46
20080324,0000,2555.02
20080325,0000,2557.41
20080326,0000,2558.97
20080327,0000,2561.19
20080328,0000,2564.54
20080329,0000,2566.19
20080330,0000,2567.49
20080331,0000,2568.08
20080401,0000,2569.62
20080402,0000,2571.44
20080403,0000,2573.02
20080404,0000,2574.56
20080405,0000,2575.77
20080406,0000,2576.54
20080407,0000,2575.14
20080408,0000,2574.59
20080409,0000,2573.89
20080410,0000,2573.00
20080411,0000,2571.84
20080412,0000,2571.97
20080413,0000,2572.20
20080414,0000,2570.60
20080415,0000,2571.00
20080416,0000,2571.55
20080417,0000,2572.69
20080418,0000,2573.26
20080419,0000,2574.49
20080420,0000,2575.71
20080421,0000,2575.18
20080422,0000,2575.03
20080423,0000,2574.53
20080424,0000,2574.59
20080425,0000,2574.47
20080426,0000,2574.14
20080427,0000,2574.70
20080428,0000,2573.85
20080429,0000,2572.49
20080430,0000,2572.82
20080501,0000,2571.38
20080502,0000,2571.11
20080503,0000,2572.44
20080504,0000,2573.89
20080505,0000,2574.30
20080506,0000,2573.88
20080507,0000,2573.62
20080508,0000,2573.91
20080509,0000,2573.67
20080510,0000,2575.59
20080511,0000,2577.45
20080512,0000,2575.70
20080513,0000,2575.26
20080514,0000,2574.85
20080515,0000,2573.14
20080516,0000,2573.19
20080517,0000,2572.92
20080518,0000,2572.10
20080519,0000,2571.87
20080520,0000,2571.08
20080521,0000,2571.05
20080522,0000,2570.73
20080523,0000,2570.35
20080524,0000,2570.85
20080525,0000,2572.56
20080526,0000,2573.74
20080527,0000,2573.49
20080528,0000,2572.02
20080529,0000,2572.08
20080530,0000,2569.48
20080531,0000,2569.96
20080601,0000,2571.64
20080602,0000,2571.13
20080603,0000,2570.57
20080604,0000,2570.64
20080605,0000,2570.10
20080606,0000,2568.96
20080607,0000,2571.13
20080608,0000,2575.02
20080609,0000,2574.29
20080610,0000,2572.37
20080611,0000,2571.37
20080612,0000,2570.25
20080613,0000,2568.51
20080614,0000,2571.40
20080615,0000,2574.76
20080616,0000,2574.41
20080617,0000,2572.40
20080618,0000,2571.75
20080619,0000,2570.53
20080620,0000,2569.71
20080621,0000,2569.98
20080622,0000,2569.03
20080623,0000,2570.34
20080624,0000,2571.78
20080625,0000,2570.11
20080626,0000,2567.75
20080627,0000,2565.31
20080628,0000,2568.07
20080629,0000,2571.52
20080630,0000,2570.81
20080701,0000,2571.37
20080702,0000,2569.71
20080703,0000,2568.15
20080704,0000,2567.71
20080705,0000,2569.63
20080706,0000,2574.79
20080707,0000,2574.21
20080708,0000,2572.95
20080709,0000,2572.60
20080710,0000,2572.52
20080711,0000,2571.16
20080712,0000,2570.90
20080713,0000,2572.38
20080714,0000,2572.52
20080715,0000,2571.40
20080716,0000,2569.14
20080717,0000,2568.11
20080718,0000,2569.42
20080719,0000,2571.80
20080720,0000,2575.23
20080721,0000,2575.37
20080722,0000,2574.64
20080723,0000,2573.55
20080724,0000,2572.49
20080725,0000,2571.15
20080726,0000,2572.22
20080727,0000,2574.84
20080728,0000,2572.87
20080729,0000,2572.19
20080730,0000,2572.79
20080731,0000,2572.01
20080801,0000,2571.84
20080802,0000,2573.40
20080803,0000,2574.73
20080804,0000,2573.43
20080805,0000,2575.04
20080806,0000,2573.16
20080807,0000,2572.73
20080808,0000,2571.92
20080809,0000,2573.81
20080810,0000,2576.04
20080811,0000,2575.58
20080812,0000,2575.13
20080813,0000,2573.92
20080814,0000,2572.74
20080815,0000,2572.92
20080816,0000,2574.88
20080817,0000,2576.53
20080818,0000,2575.79
20080819,0000,2575.29
20080820,0000,2574.46
20080821,0000,2573.08
20080822,0000,2572.85
20080823,0000,2572.85
20080824,0000,2575.52
20080825,0000,2575.73
20080826,0000,2576.04
20080827,0000,2574.81
20080828,0000,2574.63
20080829,0000,2570.65
20080830,0000,2572.03
20080831,0000,2574.87
20080901,0000,2575.34
20080902,0000,2573.69
20080903,0000,2573.40
20080904,0000,2574.20
20080905,0000,2572.52
20080906,0000,2573.93
20080907,0000,2575.78
20080908,0000,2575.43
20080909,0000,2574.58
20080910,0000,2573.73
20080911,0000,2573.29
20080912,0000,2571.34
20080913,0000,2573.14
20080914,0000,2576.11
20080915,0000,2574.57
20080916,0000,2574.73
20080917,0000,2574.60
20080918,0000,2573.71
20080919,0000,2573.20
20080920,0000,2574.00
20080921,0000,2575.30
20080922,0000,2574.22
20080923,0000,2573.55
20080924,0000,2572.99
20080925,0000,2572.54
20080926,0000,2572.31
20080927,0000,2572.79
20080928,0000,2574.20
20080929,0000,2573.69
20080930,0000,2572.97
20081001,0000,2571.15
20081002,0000,2572.37
20081003,0000,2572.49
20081004,0000,2574.59
20081005,0000,2576.41
20081006,0000,2575.64
20081007,0000,2575.05
20081008,0000,2574.00
20081009,0000,2573.14
20081010,0000,2574.21
20081011,0000,2575.51
20081012,0000,2576.66
20081013,0000,2575.82
20081014,0000,2576.33
20081015,0000,2575.55
20081016,0000,2574.73
20081017,0000,2573.49
20081018,0000,2575.26
20081019,0000,2577.00
20081020,0000,2577.05
20081021,0000,2576.45
20081022,0000,2575.25
20081023,0000,2574.41
20081024,0000,2575.38
20081025,0000,2575.56
20081026,0000,2575.00
20081027,0000,2573.73
20081028,0000,2573.22
20081029,0000,2572.97
20081030,0000,2572.99
20081031,0000,2572.76
20081101,0000,2572.81
20081102,0000,2573.62
20081103,0000,2573.12
20081104,0000,2573.85
20081105,0000,2573.38
20081106,0000,2572.84
20081107,0000,2573.14
20081108,0000,2574.88
20081109,0000,2576.84
20081110,0000,2577.18
20081111,0000,2577.53
20081112,0000,2576.08
20081113,0000,2575.14
20081114,0000,2573.58
20081115,0000,2571.84
20081116,0000,2570.87
20081117,0000,2572.85
20081118,0000,2573.93
20081119,0000,2573.49
20081120,0000,2574.41
20081121,0000,2574.23
20081122,0000,2574.47
20081123,0000,2577.96
20081124,0000,2574.82
20081125,0000,2573.62
20081126,0000,2572.16
20081127,0000,2570.67
20081128,0000,2569.16
20081129,0000,2570.46
20081130,0000,2570.87
20081201,0000,2569.46
20081202,0000,2567.59
20081203,0000,2565.84
20081204,0000,2564.15
20081205,0000,2561.79
20081206,0000,2562.45
20081207,0000,2563.71
20081208,0000,2561.74
20081209,0000,2559.31
20081210,0000,2557.44
20081211,0000,2555.12
20081212,0000,2555.00
20081213,0000,2556.49
20081214,0000,2557.53
20081215,0000,2557.68
20081216,0000,2557.02
20081217,0000,2556.24
20081218,0000,2555.85
20081219,0000,2556.09
20081220,0000,2555.97
20081221,0000,2558.23
20081222,0000,2562.79
20081223,0000,2564.73
20081224,0000,2567.04
20081225,0000,2569.44
20081226,0000,2569.78
20081227,0000,2571.73
20081228,0000,2573.53
20081229,0000,2575.65
20081230,0000,2576.10
20081231,0000,2576.24
20090101,0000,2575.49
20090102,0000,2574.80
20090103,0000,2574.79
20090104,0000,2574.26
20090105,0000,2574.38
20090106,0000,2574.62
20090107,0000,2574.82
20090108,0000,2574.76
20090109,0000,2573.09
20090110,0000,2573.98
20090111,0000,2574.47
20090112,0000,2574.35
20090113,0000,2575.03
20090114,0000,2575.21
20090115,0000,2573.53
20090116,0000,2573.49
20090117,0000,2574.19
20090118,0000,2575.38
20090119,0000,2575.32
20090120,0000,2575.76
20090121,0000,2575.14
20090122,0000,2575.26
20090123,0000,2575.18
20090124,0000,2576.20
20090125,0000,2577.92
20090126,0000,2576.18
20090127,0000,2576.15
20090128,0000,2576.77
20090129,0000,2574.65
20090130,0000,2574.42
20090131,0000,2575.01
20090201,0000,2575.59
20090202,0000,2575.27
20090203,0000,2574.91
20090204,0000,2574.85
20090205,0000,2574.15
20090206,0000,2574.71
20090207,0000,2575.43
20090208,0000,2576.75
20090209,0000,2576.21
20090210,0000,2575.15
20090211,0000,2575.92
20090212,0000,2574.75
20090213,0000,2574.11
20090214,0000,2575.95
20090215,0000,2576.63
20090216,0000,2576.03
20090217,0000,2574.88
20090218,0000,2575.96
20090219,0000,2574.95
20090220,0000,2574.56
20090221,0000,2575.65
20090222,0000,2577.26
20090223,0000,2576.33
20090224,0000,2575.65
20090225,0000,2574.62
20090226,0000,2573.76
20090227,0000,2573.12
20090228,0000,2574.56
20090301,0000,2574.85
20090302,0000,2574.65
20090303,0000,2574.65
20090304,0000,2574.07
20090305,0000,2574.95
20090306,0000,2576.15
20090307,0000,2576.15
20090308,0000,2576.12
20090309,0000,2574.74
20090310,0000,2575.24
20090311,0000,2573.90
20090312,0000,2574.14
20090313,0000,2573.76
20090314,0000,2573.93
20090315,0000,2576.33
20090316,0000,2575.93
20090317,0000,2575.30
20090318,0000,2574.70
20090319,0000,2574.85
20090320,0000,2574.05
20090321,0000,2575.05
20090322,0000,2575.88
20090323,0000,2575.88
20090324,0000,2577.30
20090325,0000,2576.44
20090326,0000,2574.64
20090327,0000,2573.23
20090328,0000,2574.65
20090329,0000,2577.15
20090330,0000,2576.63
20090331,0000,2576.30
20090401,0000,2574.56
20090402,0000,2573.65
20090403,0000,2573.82
20090404,0000,2574.18
20090405,0000,2575.47
20090406,0000,2574.97
20090407,0000,2574.79
20090408,0000,2575.00
20090409,0000,2575.82
20090410,0000,2575.79
20090411,0000,2576.01
20090412,0000,2576.20
20090413,0000,2576.35
20090414,0000,2576.19
20090415,0000,2576.14
20090416,0000,2576.77
20090417,0000,2577.26
20090418,0000,2578.19
20090419,0000,2577.79
20090420,0000,2575.58
20090421,0000,2574.53
20090422,0000,2574.34
20090423,0000,2575.09
20090424,0000,2574.82
20090425,0000,2575.38
20090426,0000,2575.98
20090427,0000,2574.00
20090428,0000,2574.67
20090429,0000,2575.10
20090430,0000,2576.32
20090501,0000,2574.88
20090502,0000,2575.41
20090503,0000,2576.26
20090504,0000,2574.98
20090505,0000,2574.49
20090506,0000,2573.40
20090507,0000,2573.02
20090508,0000,2572.96
20090509,0000,2573.90
20090510,0000,2574.46
20090511,0000,2575.14
20090512,0000,2574.09
20090513,0000,2573.78
20090514,0000,2572.48
20090515,0000,2572.36
20090516,0000,2572.86
20090517,0000,2575.81
20090518,0000,2574.60
20090519,0000,2574.64
20090520,0000,2573.23
20090521,0000,2572.88
20090522,0000,2571.43
20090523,0000,2574.35
20090524,0000,2577.02
20090525,0000,2577.29
20090526,0000,2574.88
20090527,0000,2574.43
20090528,0000,2573.40
20090529,0000,2573.41
20090530,0000,2574.08
20090531,0000,2577.13
20090601,0000,2575.97
20090602,0000,2574.34
20090603,0000,2573.05
20090604,0000,2571.46
20090605,0000,2572.73
20090606,0000,2574.67
20090607,0000,2576.42
20090608,0000,2575.82
20090609,0000,2575.44
20090610,0000,2575.70
20090611,0000,2575.32
20090612,0000,2575.20
20090613,0000,2576.08
20090614,0000,2576.88
20090615,0000,2575.88
20090616,0000,2574.73
20090617,0000,2574.58
20090618,0000,2574.01
20090619,0000,2574.73
20090620,0000,2575.43
20090621,0000,2576.55
20090622,0000,2575.79
20090623,0000,2574.93
20090624,0000,2573.78
20090625,0000,2574.57
20090626,0000,2572.16
20090627,0000,2571.81
20090628,0000,2574.04
20090629,0000,2575.16
20090630,0000,2575.37
20090701,0000,2574.73
20090702,0000,2573.66
20090703,0000,2574.10
20090704,0000,2574.85
20090705,0000,2575.97
20090706,0000,2576.49
20090707,0000,2576.08
20090708,0000,2574.78
20090709,0000,2574.90
20090710,0000,2573.84
20090711,0000,2574.69
20090712,0000,2575.84
20090713,0000,2575.31
20090714,0000,2574.43
20090715,0000,2573.89
20090716,0000,2572.42
20090717,0000,2571.54
20090718,0000,2572.54
20090719,0000,2575.43
20090720,0000,2575.52
20090721,0000,2575.47
20090722,0000,2574.24
20090723,0000,2573.66
20090724,0000,2571.92
20090725,0000,2570.30
20090726,0000,2572.63
20090727,0000,2574.34
20090728,0000,2575.11
20090729,0000,2574.73
20090730,0000,2575.66
20090731,0000,2574.04
20090801,0000,2574.99
20090802,0000,2575.81
20090803,0000,2576.04
20090804,0000,2575.64
20090805,0000,2575.46
20090806,0000,2575.88
20090807,0000,2578.81
20090808,0000,2575.84
20090809,0000,2575.22
20090810,0000,2575.22
20090811,0000,2576.99
20090812,0000,2575.60
20090813,0000,2575.31
20090814,0000,2574.49
20090815,0000,2575.58
20090816,0000,2576.53
20090817,0000,2576.13
20090818,0000,2575.96
20090819,0000,2575.66
20090820,0000,2575.43
20090821,0000,2574.96
20090822,0000,2575.88
20090823,0000,2576.55
20090824,0000,2575.73
20090825,0000,2575.34
20090826,0000,2576.25
20090827,0000,2574.66
20090828,0000,2573.69
20090829,0000,2573.77
20090830,0000,2575.19
20090831,0000,2575.43
20090901,0000,2575.81
20090902,0000,2576.04
20090903,0000,2575.34
20090904,0000,2574.48
20090905,0000,2575.31
20090906,0000,2576.49
20090907,0000,2577.35
20090908,0000,2576.16
20090909,0000,2575.76
20090910,0000,2574.48
20090911,0000,2573.87
20090912,0000,2574.58
20090913,0000,2576.41
20090914,0000,2577.05
20090915,0000,2576.43
20090916,0000,2574.27
20090917,0000,2573.19
20090918,0000,2572.25
20090919,0000,2575.73
20090920,0000,2577.18
20090921,0000,2575.11
20090922,0000,2574.11
20090923,0000,2573.81
20090924,0000,2570.51
20090925,0000,2569.66
20090926,0000,2570.92
20090927,0000,2573.52
20090928,0000,2574.78
20090929,0000,2574.20
20090930,0000,2574.90
20091001,0000,2574.08
20091002,0000,2571.98
20091003,0000,2572.29
20091004,0000,2573.12
20091005,0000,2573.64
20091006,0000,2572.88
20091007,0000,2573.62
20091008,0000,2573.40
20091009,0000,2572.05
20091010,0000,2573.31
20091011,0000,2575.47
20091012,0000,2574.67
20091013,0000,2574.88
20091014,0000,2574.58
20091015,0000,2573.99
20091016,0000,2572.25
20091017,0000,2572.76
20091018,0000,2574.60
20091019,0000,2574.25
20091020,0000,2574.20
20091021,0000,2574.32
20091022,0000,2573.31
20091023,0000,2573.66
20091024,0000,2574.88
20091025,0000,2575.14
20091026,0000,2574.52
20091027,0000,2574.05
20091028,0000,2574.44
20091029,0000,2574.49
20091030,0000,2574.67
20091031,0000,2576.64
20091101,0000,2576.86
20091102,0000,2576.02
20091103,0000,2575.56
20091104,0000,2575.14
20091105,0000,2575.20
20091106,0000,2574.41
20091107,0000,2575.85
20091108,0000,2576.68
20091109,0000,2575.65
20091110,0000,2574.67
20091111,0000,2574.62
20091112,0000,2574.00
20091113,0000,2574.03
20091114,0000,2575.33
20091115,0000,2576.55
20091116,0000,2575.14
20091117,0000,2574.02
20091118,0000,2573.85
20091119,0000,2574.18
20091120,0000,2573.74
20091121,0000,2574.82
20091122,0000,2576.42
20091123,0000,2575.11
20091124,0000,2575.12
20091125,0000,2575.76
20091126,0000,2574.32
20091127,0000,2573.29
20091128,0000,2574.56
20091129,0000,2575.12
20091130,0000,2574.53
20091201,0000,2574.24
20091202,0000,2573.18
20091203,0000,2571.52
20091204,0000,2569.93
20091205,0000,2570.40
20091206,0000,2572.23
20091207,0000,2570.87
20091208,0000,2571.99
20091209,0000,2573.14
20091210,0000,2573.04
20091211,0000,2572.21
20091212,0000,2573.65
20091213,0000,2577.27
20091214,0000,2576.42
20091215,0000,2575.65
20091216,0000,2574.62
20091217,0000,2573.23
20091218,0000,2574.14
20091219,0000,2575.59
20091220,0000,2576.89
20091221,0000,2577.68
20091222,0000,2575.62
20091223,0000,2576.01
20091224,0000,2573.58
20091225,0000,2575.12
20091226,0000,2574.58
20091227,0000,2575.62
20091228,0000,2574.74
20091229,0000,2573.97
20091230,0000,2573.70
20091231,0000,2572.85
20100101,0000,2573.34
20100102,0000,2574.65
20100103,0000,2575.05
20100104,0000,2574.85
20100105,0000,2574.79
20100106,0000,2574.53
20100107,0000,2573.53
20100108,0000,2572.62
20100109,0000,2574.26
20100110,0000,2575.82
20100111,0000,2575.56
20100112,0000,2574.70
20100113,0000,2573.76
20100114,0000,2573.00
20100115,0000,2572.37
20100116,0000,2573.93
20100117,0000,2575.47
20100118,0000,2576.42
20100119,0000,2576.88
20100120,0000,2575.68
20100121,0000,2576.86
20100122,0000,2577.10
20100123,0000,2576.75
20100124,0000,2576.63
20100125,0000,2576.74
20100126,0000,2575.89
20100127,0000,2575.90
20100128,0000,2575.05
20100129,0000,2574.85
20100130,0000,2575.51
20100131,0000,2575.56
20100201,0000,2575.56
20100202,0000,2575.74
20100203,0000,2576.09
20100204,0000,2574.46
20100205,0000,2575.44
20100206,0000,2576.70
20100207,0000,2577.40
20100208,0000,2576.89
20100209,0000,2576.42
20100210,0000,2575.95
20100211,0000,2575.43
20100212,0000,2575.12
20100213,0000,2575.73
20100214,0000,2575.56
20100215,0000,2575.91
20100216,0000,2576.65
20100217,0000,2575.47
20100218,0000,2574.97
20100219,0000,2575.09
20100220,0000,2575.11
20100221,0000,2575.44
20100222,0000,2575.02
20100223,0000,2575.30
20100224,0000,2575.13
20100225,0000,2575.82
20100226,0000,2575.95
20100227,0000,2576.41
20100228,0000,2576.67
20100301,0000,2576.86
20100302,0000,2576.63
20100303,0000,2576.74
20100304,0000,2576.84
20100305,0000,2576.32
20100306,0000,2576.45
20100307,0000,2576.47
20100308,0000,2576.53
20100309,0000,2577.01
20100310,0000,2576.77
20100311,0000,2576.74
20100312,0000,2576.84
20100313,0000,2576.69
20100314,0000,2576.68
20100315,0000,2576.35
20100316,0000,2575.97
20100317,0000,2576.44
20100318,0000,2576.56
20100319,0000,2576.70
20100320,0000,2576.74
20100321,0000,2577.01
20100322,0000,2576.46
20100323,0000,2575.74
20100324,0000,2576.09
20100325,0000,2576.23
20100326,0000,2576.82
20100327,0000,2576.91
20100328,0000,2577.14
20100329,0000,2576.33
20100330,0000,2576.02
20100331,0000,2576.33
20100401,0000,2576.30
20100402,0000,2576.48
20100403,0000,2576.66
20100404,0000,2576.89
20100405,0000,2576.89
20100406,0000,2576.76
20100407,0000,2576.74
20100408,0000,2576.95
20100409,0000,2577.18
20100410,0000,2577.51
20100411,0000,2577.33
20100412,0000,2577.33
20100413,0000,2576.79
20100414,0000,2576.55
20100415,0000,2576.35
20100416,0000,2576.35
20100417,0000,2576.18
20100418,0000,2575.79
20100419,0000,2575.58
20100420,0000,2575.68
20100421,0000,2576.35
20100422,0000,2576.33
20100423,0000,2576.56
20100424,0000,2577.00
20100425,0000,2577.04
20100426,0000,2577.46
20100427,0000,2576.05
20100428,0000,2576.85
20100429,0000,2577.74
20100430,0000,2576.97
20100501,0000,2577.29
20100502,0000,2576.79
20100503,0000,2576.49
20100504,0000,2574.64
20100505,0000,2574.08
20100506,0000,2575.35
20100507,0000,2575.49
20100508,0000,2575.46
20100509,0000,2575.70
20100510,0000,2575.81
20100511,0000,2577.00
20100512,0000,2576.67
20100513,0000,2574.96
20100514,0000,2574.99
20100515,0000,2575.16
20100516,0000,2575.93
20100517,0000,2576.80
20100518,0000,2575.16
20100519,0000,2574.88
20100520,0000,2574.84
20100521,0000,2576.49
20100522,0000,2576.82
20100523,0000,2577.36
20100524,0000,2576.54
20100525,0000,2577.59
20100526,0000,2575.68
20100527,0000,2575.58
20100528,0000,2575.47
20100529,0000,2576.05
20100530,0000,2577.32
20100531,0000,2578.02
20100601,0000,2576.16
20100602,0000,2575.93
20100603,0000,2575.22
20100604,0000,2573.87
20100605,0000,2574.22
20100606,0000,2575.34
20100607,0000,2574.96
20100608,0000,2574.60
20100609,0000,2574.80
20100610,0000,2574.88
20100611,0000,2575.58
20100612,0000,2576.22
20100613,0000,2576.52
20100614,0000,2575.45
20100615,0000,2574.84
20100616,0000,2574.96
20100617,0000,2574.93
20100618,0000,2573.76
20100619,0000,2573.85
20100620,0000,2574.64
20100621,0000,2576.25
20100622,0000,2575.02
20100623,0000,2575.41
20100624,0000,2573.40
20100625,0000,2574.22
20100626,0000,2575.58
20100627,0000,2575.69
20100628,0000,2574.84
20100629,0000,2574.19
20100630,0000,2573.62
20100701,0000,2572.87
20100702,0000,2570.01
20100703,0000,2573.32
20100704,0000,2576.73
20100705,0000,2577.37
20100706,0000,2575.60
20100707,0000,2577.02
20100708,0000,2575.60
20100709,0000,2574.95
20100710,0000,2575.89
20100711,0000,2576.78
20100712,0000,2575.63
20100713,0000,2575.22
20100714,0000,2575.86
20100715,0000,2573.54
20100716,0000,2578.48
20100717,0000,2575.33
20100718,0000,2576.38
20100719,0000,2576.27
20100720,0000,2575.39
20100721,0000,2575.14
20100722,0000,2574.10
20100723,0000,2573.04
20100724,0000,2574.80
20100725,0000,2576.37
20100726,0000,2575.55
20100727,0000,2574.90
20100728,0000,2574.99
20100729,0000,2574.93
20100730,0000,2573.31
20100731,0000,2575.76
20100801,0000,2576.92
20100802,0000,2576.08
20100803,0000,2575.93
20100804,0000,2575.29
20100805,0000,2574.20
20100806,0000,2573.84
20100807,0000,2574.64
20100808,0000,2576.67
20100809,0000,2575.90
20100810,0000,2575.40
20100811,0000,2573.87
20100812,0000,2572.66
20100813,0000,2571.98
20100814,0000,2574.07
20100815,0000,2577.22
20100816,0000,2575.54
20100817,0000,2575.51
20100818,0000,2574.59
20100819,0000,2574.31
20100820,0000,2573.84
20100821,0000,2573.00
20100822,0000,2576.93
20100823,0000,2576.55
20100824,0000,2575.92
20100825,0000,2575.12
20100826,0000,2573.80
20100827,0000,2571.01
20100828,0000,2574.05
20100829,0000,2576.62
20100830,0000,2578.25
20100831,0000,2575.10
20100901,0000,2574.19
20100902,0000,2573.04
20100903,0000,2571.80
20100904,0000,2571.33
20100905,0000,2574.84
20100906,0000,2576.70
20100907,0000,2576.73
20100908,0000,2576.18
20100909,0000,2573.16
20100910,0000,2571.33
20100911,0000,2573.04
20100912,0000,2576.07
20100913,0000,2574.26
20100914,0000,2574.64
20100915,0000,2573.92
20100916,0000,2574.43
20100917,0000,2573.20
20100918,0000,2574.37
20100919,0000,2575.52
20100920,0000,2575.96
20100921,0000,2576.11
20100922,0000,2575.41
20100923,0000,2575.55
20100924,0000,2573.78
20100925,0000,2574.30
20100926,0000,2575.43
20100927,0000,2572.69
20100928,0000,2575.19
20100929,0000,2575.01
20100930,0000,2573.62
20101001,0000,2574.20
20101002,0000,2575.96
20101003,0000,2576.67
20101004,0000,2576.74
20101005,0000,2577.00
20101006,0000,2576.67
20101007,0000,2576.60
20101008,0000,2576.29
20101009,0000,2575.52
20101010,0000,2575.58
20101011,0000,2574.13
20101012,0000,2573.90
20101013,0000,2573.71
20101014,0000,2572.92
20101015,0000,2571.98
20101016,0000,2572.25
20101017,0000,2572.08
20101018,0000,2572.01
20101019,0000,2572.90
20101020,0000,2573.29
20101021,0000,2572.73
20101022,0000,2571.96
20101023,0000,2573.78
20101024,0000,2577.15
20101025,0000,2576.55
20101026,0000,2576.75
20101027,0000,2576.46
20101028,0000,2575.30
20101029,0000,2575.30
20101030,0000,2576.44
20101031,0000,2578.07
20101101,0000,2576.95
20101102,0000,2577.02
20101103,0000,2575.69
20101104,0000,2573.84
20101105,0000,2573.62
20101106,0000,2573.69
20101107,0000,2575.33
20101108,0000,2575.80
20101109,0000,2575.90
20101110,0000,2574.75
20101111,0000,2575.05
20101112,0000,2574.20
20101113,0000,2574.60
20101114,0000,2576.04
20101115,0000,2576.22
20101116,0000,2576.49
20101117,0000,2575.68
20101118,0000,2575.55
20101119,0000,2575.49
20101120,0000,2575.90
20101121,0000,2576.38
20101122,0000,2576.24
20101123,0000,2574.44
20101124,0000,2572.95
20101125,0000,2573.49
20101126,0000,2573.56
20101127,0000,2574.22
20101128,0000,2574.66
20101129,0000,2575.35
20101130,0000,2575.30
20101201,0000,2574.66
20101202,0000,2573.08
20101203,0000,2571.47
20101204,0000,2572.32
20101205,0000,2573.53
20101206,0000,2574.55
20101207,0000,2574.16
20101208,0000,2574.33
20101209,0000,2574.01
20101210,0000,2574.12
20101211,0000,2574.90
20101212,0000,2575.85
20101213,0000,2575.82
20101214,0000,2575.90
20101215,0000,2575.90
20101216,0000,2575.99
20101217,0000,2575.57
20101218,0000,2574.57
20101219,0000,2576.34
20101220,0000,2575.96
20101221,0000,2573.96
20101222,0000,2573.55
20101223,0000,2573.82
20101224,0000,2574.04
20101225,0000,2574.34
20101226,0000,2576.43
20101227,0000,2576.62
20101228,0000,2576.86
20101229,0000,2576.98
20101230,0000,2575.48
20101231,0000,2573.63
20110101,0000,2573.67
20110102,0000,2575.01
20110103,0000,2574.88
20110104,0000,2575.04
20110105,0000,2574.91
20110106,0000,2573.19
20110107,0000,2572.44
20110108,0000,2574.70
20110109,0000,2576.98
20110110,0000,2577.15
20110111,0000,2575.89
20110112,0000,2576.02
20110113,0000,2575.87
20110114,0000,2574.70
20110115,0000,2575.23
20110116,0000,2576.42
20110117,0000,2577.25
20110118,0000,2577.53
20110119,0000,2575.81
20110120,0000,2575.92
20110121,0000,2575.39
20110122,0000,2576.64
20110123,0000,2577.31
20110124,0000,2576.58
20110125,0000,2576.96
20110126,0000,2575.99
20110127,0000,2576.26
20110128,0000,2577.11
20110129,0000,2577.21
20110130,0000,2576.37
20110131,0000,2576.87
20110201,0000,2576.76
20110202,0000,2575.93
20110203,0000,2574.85
20110204,0000,2574.62
20110205,0000,2575.31
20110206,0000,2575.70
20110207,0000,2575.81
20110208,0000,2575.79
20110209,0000,2575.30
20110210,0000,2574.90
20110211,0000,2574.88
20110212,0000,2573.74
20110213,0000,2575.62
20110214,0000,2576.54
20110215,0000,2576.07
20110216,0000,2576.27
20110217,0000,2576.40
20110218,0000,2574.40
20110219,0000,2576.19
20110220,0000,2576.79
20110221,0000,2576.56
20110222,0000,2575.10
20110223,0000,2575.08
20110224,0000,2573.88
20110225,0000,2572.93
20110226,0000,2574.70
20110227,0000,2576.00
20110228,0000,2576.84
20110301,0000,2576.20
20110302,0000,2575.78
20110303,0000,2576.81
20110304,0000,2577.01
20110305,0000,2577.28
20110306,0000,2577.49
20110307,0000,2576.03
20110308,0000,2575.56
20110309,0000,2575.47
20110310,0000,2575.23
20110311,0000,2576.36
20110312,0000,2577.22
20110313,0000,2577.67
20110314,0000,2576.78
20110315,0000,2575.56
20110316,0000,2575.99
20110317,0000,2575.79
20110318,0000,2577.18
20110319,0000,2577.89
20110320,0000,2576.73
20110321,0000,2576.35
20110322,0000,2576.86
20110323,0000,2576.40
20110324,0000,2576.31
20110325,0000,2575.68
20110326,0000,2577.29
20110327,0000,2577.49
20110328,0000,2576.43
20110329,0000,2576.09
20110330,0000,2576.92
20110331,0000,2576.58
20110401,0000,2576.22
20110402,0000,2576.49
20110403,0000,2576.89
20110404,0000,2575.50
20110405,0000,2575.51
20110406,0000,2575.56
20110407,0000,2573.93
20110408,0000,2574.30
20110409,0000,2575.07
20110410,0000,2576.20
20110411,0000,2575.14
20110412,0000,2574.74
20110413,0000,2575.25
20110414,0000,2574.21
20110415,0000,2573.92
20110416,0000,2574.00
20110417,0000,2575.14
20110418,0000,2574.23
20110419,0000,2573.95
20110420,0000,2574.62
20110421,0000,2576.08
20110422,0000,2574.79
20110423,0000,2575.67
20110424,0000,2576.87
20110425,0000,2577.71
20110426,0000,2577.84
20110427,0000,2577.22
20110428,0000,2576.77
20110429,0000,2576.62
20110430,0000,2577.62
20110501,0000,2576.22
20110502,0000,2575.33
20110503,0000,2575.38
20110504,0000,2574.59
20110505,0000,2574.75
20110506,0000,2576.14
20110507,0000,2576.38
20110508,0000,2576.62
20110509,0000,2575.98
20110510,0000,2576.05
20110511,0000,2575.45
20110512,0000,2573.58
20110513,0000,2571.85
20110514,0000,2574.09
20110515,0000,2576.09
20110516,0000,2575.34
20110517,0000,2575.01
20110518,0000,2575.59
20110519,0000,2574.92
20110520,0000,2573.31
20110521,0000,2573.89
20110522,0000,2575.07
20110523,0000,2575.09
20110524,0000,2575.18
20110525,0000,2575.43
20110526,0000,2577.00
20110527,0000,2575.02
20110528,0000,2574.25
20110529,0000,2576.14
20110530,0000,2577.29
20110531,0000,2575.23
20110601,0000,2575.40
20110602,0000,2576.45
20110603,0000,2575.92
20110604,0000,2577.00
20110605,0000,2577.02
20110606,0000,2576.53
20110607,0000,2575.67
20110608,0000,2576.64
20110609,0000,2576.22
20110610,0000,2576.91
20110611,0000,2578.05
20110612,0000,2577.27
20110613,0000,2575.91
20110614,0000,2575.38
20110615,0000,2574.07
20110616,0000,2572.14
20110617,0000,2570.79
20110618,0000,2572.62
20110619,0000,2573.87
20110620,0000,2573.35
20110621,0000,2573.89
20110622,0000,2574.60
20110623,0000,2573.27
20110624,0000,2573.00
20110625,0000,2573.47
20110626,0000,2576.44
20110627,0000,2574.71
20110628,0000,2576.63
20110629,0000,2577.38
20110630,0000,2574.62
20110701,0000,2573.47
20110702,0000,2575.04
20110703,0000,2576.41
20110704,0000,2575.46
20110705,0000,2574.04
20110706,0000,2572.75
20110707,0000,2571.84
20110708,0000,2571.74
20110709,0000,2572.58
20110710,0000,2575.46
20110711,0000,2574.00
20110712,0000,2573.76
20110713,0000,2575.58
20110714,0000,2573.36
20110715,0000,2571.07
20110716,0000,2573.14
20110717,0000,2575.64
20110718,0000,2575.49
20110719,0000,2574.85
20110720,0000,2574.99
20110721,0000,2574.20
20110722,0000,2572.65
20110723,0000,2571.79
20110724,0000,2574.15
20110725,0000,2574.44
20110726,0000,2574.56
20110727,0000,2574.31
20110728,0000,2574.02
20110729,0000,2572.75
20110730,0000,2573.16
20110731,0000,2573.14
20110801,0000,2572.64
20110802,0000,2573.55
20110803,0000,2572.76
20110804,0000,2571.66
20110805,0000,2570.81
20110806,0000,2571.70
20110807,0000,2573.86
20110808,0000,2573.66
20110809,0000,2572.47
20110810,0000,2572.03
20110811,0000,2572.56
20110812,0000,2571.97
20110813,0000,2573.08
20110814,0000,2575.30
20110815,0000,2575.46
20110816,0000,2574.52
20110817,0000,2573.68
20110818,0000,2573.89
20110819,0000,2574.43
20110820,0000,2573.69
20110821,0000,2575.36
20110822,0000,2574.82
20110823,0000,2573.97
20110824,0000,2575.57
20110825,0000,2573.85
20110826,0000,2574.85
20110827,0000,2575.20
20110828,0000,2576.36
20110829,0000,2576.29
20110830,0000,2576.66
20110831,0000,2576.45
20110901,0000,2574.92
20110902,0000,2573.55
20110903,0000,2573.84
20110904,0000,2576.15
20110905,0000,2576.56
20110906,0000,2575.57
20110907,0000,2575.15
20110908,0000,2574.55
20110909,0000,2572.35
20110910,0000,2573.03
20110911,0000,2574.01
20110912,0000,2573.52
20110913,0000,2572.85
20110914,0000,2573.12
20110915,0000,2572.88
20110916,0000,2572.95
20110917,0000,2575.23
20110918,0000,2575.96
20110919,0000,2575.63
20110920,0000,2576.11
20110921,0000,2574.82
20110922,0000,2573.98
20110923,0000,2572.35
20110924,0000,2574.53
20110925,0000,2576.29
20110926,0000,2575.70
20110927,0000,2574.99
20110928,0000,2575.43
20110929,0000,2574.11
20110930,0000,2573.49
20111001,0000,2574.27
20111002,0000,2575.96
20111003,0000,2575.79
20111004,0000,2576.37
20111005,0000,2576.19
20111006,0000,2575.88
20111007,0000,2573.74
20111008,0000,2575.43
20111009,0000,2577.58
20111010,0000,2577.79
20111011,0000,2576.62
20111012,0000,2575.63
20111013,0000,2574.75
20111014,0000,2573.92
20111015,0000,2574.82
20111016,0000,2576.40
20111017,0000,2575.84
20111018,0000,2575.16
20111019,0000,2574.64
20111020,0000,2574.07
20111021,0000,2573.01
20111022,0000,2574.20
20111023,0000,2574.71
20111024,0000,2574.77
20111025,0000,2574.53
20111026,0000,2575.05
20111027,0000,2574.51
20111028,0000,2573.87
20111029,0000,2575.85
20111030,0000,2576.01
20111031,0000,2576.51
20111101,0000,2575.82
20111102,0000,2575.88
20111103,0000,2574.65
20111104,0000,2574.90
20111105,0000,2576.11
20111106,0000,2576.95
20111107,0000,2576.19
20111108,0000,2575.23
20111109,0000,2576.01
20111110,0000,2575.19
20111111,0000,2575.18
20111112,0000,2576.41
20111113,0000,2577.25
20111114,0000,2575.48
20111115,0000,2575.74
20111116,0000,2572.62
20111117,0000,2572.10
20111118,0000,2575.33
20111119,0000,2577.16
20111120,0000,2574.19
20111121,0000,2573.71
20111122,0000,2574.23
20111123,0000,2574.77
20111124,0000,2575.77
20111125,0000,2576.73
20111126,0000,2574.44
20111127,0000,2574.74
20111128,0000,2576.31
20111129,0000,2575.92
20111130,0000,2576.20
20111201,0000,2577.00
20111202,0000,2575.80
20111203,0000,2575.60
20111204,0000,2576.20
20111205,0000,2575.54
20111206,0000,2575.48
20111207,0000,2575.00
20111208,0000,2575.18
20111209,0000,2574.64
20111210,0000,2574.32
20111211,0000,2573.46
20111212,0000,2573.45
20111213,0000,2573.54
20111214,0000,2574.13
20111215,0000,2573.93
20111216,0000,2574.65
20111217,0000,2575.42
20111218,0000,2575.27
20111219,0000,2576.01
20111220,0000,2576.13
20111221,0000,2575.75
20111222,0000,2575.69
20111223,0000,2576.13
20111224,0000,2576.13
20111225,0000,2575.86
20111226,0000,2576.13
20111227,0000,2576.10
20111228,0000,2576.04
20111229,0000,2576.13
20111230,0000,2576.78
20111231,0000,2576.88
20120101,0000,2576.90
20120102,0000,2576.88
20120103,0000,2576.60
20120104,0000,2576.34
20120105,0000,2576.25
20120106,0000,2575.99
20120107,0000,2575.80
20120108,0000,2576.21
20120109,0000,2575.96
20120110,0000,2575.63
20120111,0000,2574.95
20120112,0000,2574.58
20120113,0000,2574.55
20120114,0000,2575.54
20120115,0000,2576.01
20120116,0000,2577.14
20120117,0000,2576.64
20120118,0000,2576.55
20120119,0000,2575.60
20120120,0000,2575.36
20120121,0000,2576.10
20120122,0000,2576.85
20120123,0000,2576.67
20120124,0000,2576.43
20120125,0000,2577.33
20120126,0000,2577.20
20120127,0000,2576.04
20120128,0000,2576.79
20120129,0000,2576.71
20120130,0000,2576.40
20120131,0000,2575.68
20120201,0000,2575.89
20120202,0000,2574.76
20120203,0000,2573.21
20120204,0000,2574.35
20120205,0000,2575.71
20120206,0000,2575.93
20120207,0000,2576.16
20120208,0000,2576.48
20120209,0000,2576.62
20120210,0000,2576.49
20120211,0000,2576.93
20120212,0000,2577.20
20120213,0000,2576.99
20120214,0000,2577.11
20120215,0000,2577.05
20120216,0000,2576.22
20120217,0000,2576.22
20120218,0000,2576.60
20120219,0000,2576.60
20120220,0000,2576.78
20120221,0000,2577.11
20120222,0000,2577.47
20120223,0000,2576.89
20120224,0000,2576.64
20120225,0000,2576.21
20120226,0000,2576.15
20120227,0000,2575.77
20120228,0000,2575.38
20120229,0000,2574.92
20120301,0000,2574.35
20120302,0000,2575.12
20120303,0000,2576.34
20120304,0000,2577.20
20120305,0000,2577.23
20120306,0000,2577.41
20120307,0000,2577.44
20120308,0000,2577.09
20120309,0000,2577.56
20120310,0000,2577.74
20120311,0000,2577.41
20120312,0000,2577.26
20120313,0000,2577.25
20120314,0000,2576.43
20120315,0000,2576.16
20120316,0000,2575.77
20120317,0000,2576.33
20120318,0000,2576.24
20120319,0000,2575.66
20120320,0000,2575.92
20120321,0000,2575.75
20120322,0000,2576.07
20120323,0000,2576.78
20120324,0000,2577.60
20120325,0000,2577.22
20120326,0000,2576.57
20120327,0000,2576.87
20120328,0000,2576.22
20120329,0000,2575.71
20120330,0000,2575.96
20120331,0000,2576.87
20120401,0000,2577.05
20120402,0000,2576.58
20120403,0000,2576.43
20120404,0000,2576.46
20120405,0000,2575.65
20120406,0000,2574.44
20120407,0000,2574.64
20120408,0000,2575.09
20120409,0000,2574.89
20120410,0000,2574.32
20120411,0000,2573.73
20120412,0000,2572.36
20120413,0000,2573.07
20120414,0000,2574.08
20120415,0000,2574.85
20120416,0000,2575.21
20120417,0000,2574.35
20120418,0000,2574.64
20120419,0000,2573.07
20120420,0000,2572.74
20120421,0000,2574.62
20120422,0000,2576.43
20120423,0000,2575.99
20120424,0000,2575.98
20120425,0000,2575.75
20120426,0000,2577.04
20120427,0000,2576.31
20120428,0000,2576.29
20120429,0000,2576.25
20120430,0000,2575.45
20120501,0000,2575.89
20120502,0000,2575.52
20120503,0000,2575.33
20120504,0000,2576.40
20120505,0000,2577.00
20120506,0000,2577.11
20120507,0000,2576.36
20120508,0000,2576.43
20120509,0000,2575.95
20120510,0000,2575.10
20120511,0000,2574.92
20120512,0000,2576.25
20120513,0000,2576.25
20120514,0000,2574.79
20120515,0000,2574.82
20120516,0000,2573.66
20120517,0000,2573.53
20120518,0000,2573.58
20120519,0000,2573.93
20120520,0000,2574.88
20120521,0000,2574.09
20120522,0000,2573.57
20120523,0000,2572.98
20120524,0000,2573.90
20120525,0000,2573.59
20120526,0000,2574.65
20120527,0000,2575.15
20120528,0000,2574.91
20120529,0000,2576.15
20120530,0000,2576.99
20120531,0000,2576.57
20120601,0000,2574.64
20120602,0000,2576.34
20120603,0000,2577.20
20120604,0000,2576.96
20120605,0000,2576.51
20120606,0000,2576.34
20120607,0000,2575.98
20120608,0000,2574.95
20120609,0000,2576.48
20120610,0000,2577.59
20120611,0000,2577.31
20120612,0000,2576.81
20120613,0000,2576.99
20120614,0000,2576.01
20120615,0000,2575.92
20120616,0000,2576.43
20120617,0000,2576.57
20120618,0000,2576.38
20120619,0000,2574.25
20120620,0000,2574.67
20120621,0000,2574.44
20120622,0000,2574.11
20120623,0000,2575.07
20120624,0000,2575.96
20120625,0000,2575.27
20120626,0000,2574.56
20120627,0000,2574.68
20120628,0000,2574.02
20120629,0000,2574.41
20120630,0000,2575.40
20120701,0000,2576.34
20120702,0000,2575.45
20120703,0000,2574.16
20120704,0000,2574.79
20120705,0000,2574.82
20120706,0000,2575.05
20120707,0000,2575.33
20120708,0000,2576.88
20120709,0000,2576.48
20120710,0000,2575.38
20120711,0000,2575.41
20120712,0000,2574.44
20120713,0000,2573.27
20120714,0000,2574.16
20120715,0000,2575.12
20120716,0000,2575.59
20120717,0000,2575.30
20120718,0000,2574.65
20120719,0000,2572.56
20120720,0000,2574.04
20120721,0000,2574.23
20120722,0000,2575.26
20120723,0000,2575.80
20120724,0000,2576.01
20120725,0000,2576.36
20120726,0000,2575.84
20120727,0000,2575.87
20120728,0000,2576.57
20120729,0000,2576.95
20120730,0000,2576.69
20120731,0000,2576.01
20120801,0000,2575.78
20120802,0000,2575.59
20120803,0000,2575.57
20120804,0000,2576.40
20120805,0000,2577.20
20120806,0000,2576.60
20120807,0000,2576.10
20120808,0000,2575.05
20120809,0000,2573.21
20120810,0000,2572.30
20120811,0000,2573.42
20120812,0000,2573.92
20120813,0000,2574.41
20120814,0000,2575.84
20120815,0000,2575.71
20120816,0000,2574.69
20120817,0000,2573.66
20120818,0000,2574.46
20120819,0000,2575.08
20120820,0000,2575.30
20120821,0000,2575.24
20120822,0000,2574.29
20120823,0000,2573.52
20120824,0000,2573.78
20120825,0000,2575.03
20120826,0000,2574.95
20120827,0000,2574.55
20120828,0000,2574.25
20120829,0000,2574.04
20120830,0000,2574.70
20120831,0000,2574.29
20120901,0000,2575.92
20120902,0000,2576.45
20120903,0000,2576.57
20120904,0000,2576.15
20120905,0000,2576.10
20120906,0000,2574.98
20120907,0000,2574.30
20120908,0000,2575.30
20120909,0000,2575.42
20120910,0000,2576.27
20120911,0000,2576.22
20120912,0000,2574.93
20120913,0000,2573.81
20120914,0000,2573.34
20120915,0000,2573.30
20120916,0000,2574.77
20120917,0000,2575.66
20120918,0000,2574.64
20120919,0000,2574.02
20120920,0000,2573.45
20120921,0000,2573.75
20120922,0000,2574.60
20120923,0000,2576.07
20120924,0000,2574.82
20120925,0000,2574.67
20120926,0000,2574.76
20120927,0000,2574.18
20120928,0000,2574.11
20120929,0000,2575.65
20120930,0000,2577.16
20121001,0000,2576.54
20121002,0000,2576.48
20121003,0000,2576.66
20121004,0000,2575.40
20121005,0000,2574.08
20121006,0000,2573.90
20121007,0000,2573.81
20121008,0000,2575.09
20121009,0000,2575.88
20121010,0000,2575.32
20121011,0000,2573.84
20121012,0000,2572.98
20121013,0000,2574.58
20121014,0000,2576.34
20121015,0000,2575.18
20121016,0000,2575.18
20121017,0000,2575.18
20121018,0000,2573.90
20121019,0000,2574.22
20121020,0000,2574.74
20121021,0000,2575.03
20121022,0000,2574.79
20121023,0000,2575.21
20121024,0000,2574.67
20121025,0000,2573.85
20121026,0000,2573.46
20121027,0000,2574.91
20121028,0000,2576.73
20121029,0000,2575.95
20121030,0000,2574.18
20121031,0000,2573.40
20121101,0000,2572.87
20121102,0000,2573.27
20121103,0000,2575.42
20121104,0000,2577.46
20121105,0000,2577.11
20121106,0000,2576.01
20121107,0000,2575.42
20121108,0000,2575.27
20121109,0000,2574.46
20121110,0000,2572.45
20121111,0000,2573.60
20121112,0000,2574.49
20121113,0000,2574.05
20121114,0000,2574.79
20121115,0000,2573.81
20121116,0000,2574.47
20121117,0000,2575.35
20121118,0000,2574.97
20121119,0000,2573.57
20121120,0000,2573.38
20121121,0000,2573.19
20121122,0000,2573.73
20121123,0000,2573.24
20121124,0000,2574.65
20121125,0000,2576.52
20121126,0000,2577.62
20121127,0000,2575.56
20121128,0000,2574.29
20121129,0000,2572.48
20121130,0000,2573.60
20121201,0000,2575.95
20121202,0000,2575.98
20121203,0000,2575.38
20121204,0000,2576.13
20121205,0000,2577.01
20121206,0000,2576.25
20121207,0000,2576.13
20121208,0000,2576.99
20121209,0000,2576.24
20121210,0000,2576.90
20121211,0000,2576.87
20121212,0000,2577.02
20121213,0000,2577.25
20121214,0000,2575.56
20121215,0000,2576.40
20121216,0000,2578.18
20121217,0000,2575.57
20121218,0000,2576.38
20121219,0000,2577.08
20121220,0000,2575.59
20121221,0000,2575.14
20121222,0000,2575.56
20121223,0000,2575.92
20121224,0000,2576.22
20121225,0000,2576.60
20121226,0000,2576.81
20121227,0000,2575.92
20121228,0000,2575.95
20121229,0000,2576.05
20121230,0000,2576.37
20121231,0000,2576.45
20130101,0000,2576.43
20130102,0000,2576.34
20130103,0000,2576.22
20130104,0000,2575.84
20130105,0000,2576.04
20130106,0000,2576.36
20130107,0000,2576.07
20130108,0000,2576.01
20130109,0000,2575.96
20130110,0000,2575.86
20130111,0000,2575.95
20130112,0000,2576.04
20130113,0000,2576.24
20130114,0000,2576.10
20130115,0000,2576.02
20130116,0000,2576.07
20130117,0000,2575.97
20130118,0000,2575.98
20130119,0000,2576.54
20130120,0000,2577.20
20130121,0000,2577.22
20130122,0000,2577.55
20130123,0000,2576.40
20130124,0000,2575.78
20130125,0000,2575.47
20130126,0000,2576.36
20130127,0000,2577.52
20130128,0000,2576.43
20130129,0000,2575.59
20130130,0000,2575.04
20130131,0000,2575.12
20130201,0000,2575.26
20130202,0000,2576.22
20130203,0000,2577.35
20130204,0000,2576.21
20130205,0000,2576.12
20130206,0000,2575.92
20130207,0000,2576.08
20130208,0000,2576.04
20130209,0000,2575.53
20130210,0000,2575.38
20130211,0000,2575.02
20130212,0000,2575.38
20130213,0000,2575.65
20130214,0000,2575.53
20130215,0000,2575.56
20130216,0000,2576.38
20130217,0000,2577.11
20130218,0000,2576.99
20130219,0000,2576.51
20130220,0000,2576.21
20130221,0000,2575.95
20130222,0000,2575.66
20130223,0000,2576.21
20130224,0000,2576.89
20130225,0000,2576.99
20130226,0000,2577.02
20130227,0000,2576.45
20130228,0000,2575.86
20130301,0000,2575.84
20130302,0000,2576.79
20130303,0000,2577.62
20130304,0000,2576.35
20130305,0000,2576.22
20130306,0000,2576.31
20130307,0000,2575.92
20130308,0000,2576.60
20130309,0000,2577.55
20130310,0000,2577.56
20130311,0000,2576.87
20130312,0000,2576.43
20130313,0000,2576.40
20130314,0000,2576.13
20130315,0000,2575.84
20130316,0000,2576.01
20130317,0000,2576.46
20130318,0000,2576.29
20130319,0000,2575.54
20130320,0000,2574.95
20130321,0000,2575.15
20130322,0000,2574.58
20130323,0000,2576.07
20130324,0000,2577.92
20130325,0000,2576.31
20130326,0000,2575.36
20130327,0000,2574.62
20130328,0000,2573.85
20130329,0000,2573.38
20130330,0000,2574.84
20130331,0000,2575.86
20130401,0000,2575.96
20130402,0000,2575.09
20130403,0000,2574.20
20130404,0000,2574.18
20130405,0000,2573.99
20130406,0000,2575.53
20130407,0000,2576.12
20130408,0000,2575.56
20130409,0000,2573.90
20130410,0000,2573.66
20130411,0000,2572.84
20130412,0000,2571.62
20130413,0000,2574.02
20130414,0000,2576.19
20130415,0000,2576.60
20130416,0000,2575.89
20130417,0000,2574.70
20130418,0000,2575.35
20130419,0000,2574.79
20130420,0000,2575.59
20130421,0000,2576.45
20130422,0000,2575.35
20130423,0000,2574.68
20130424,0000,2574.05
20130425,0000,2574.59
20130426,0000,2573.24
20130427,0000,2574.23
20130428,0000,2575.15
20130429,0000,2574.65
20130430,0000,2575.62
20130501,0000,2574.98
20130502,0000,2575.10
20130503,0000,2573.88
20130504,0000,2575.30
20130505,0000,2576.31
20130506,0000,2574.65
20130507,0000,2574.38
20130508,0000,2575.56
20130509,0000,2574.29
20130510,0000,2575.42
20130511,0000,2574.55
20130512,0000,2574.88
20130513,0000,2574.98
20130514,0000,2575.99
20130515,0000,2575.59
20130516,0000,2576.07
20130517,0000,2576.64
20130518,0000,2576.21
20130519,0000,2576.41
20130520,0000,2575.75
20130521,0000,2575.51
20130522,0000,2574.97
20130523,0000,2573.36
20130524,0000,2573.60
20130525,0000,2574.65
20130526,0000,2576.84
20130527,0000,2577.58
20130528,0000,2576.45
20130529,0000,2574.89
20130530,0000,2573.33
20130531,0000,2573.63
20130601,0000,2574.55
20130602,0000,2576.69
20130603,0000,2574.70
20130604,0000,2574.37
20130605,0000,2574.53
20130606,0000,2575.33
20130607,0000,2574.16
20130608,0000,2574.89
20130609,0000,2575.75
20130610,0000,2574.78
20130611,0000,2574.85
20130612,0000,2575.33
20130613,0000,2574.98
20130614,0000,2574.70
20130615,0000,2575.53
20130616,0000,2575.30
20130617,0000,2574.82
20130618,0000,2575.75
20130619,0000,2576.01
20130620,0000,2574.65
20130621,0000,2573.29
20130622,0000,2573.96
20130623,0000,2574.32
20130624,0000,2574.62
20130625,0000,2574.79
20130626,0000,2572.84
20130627,0000,2572.70
20130628,0000,2572.79
20130629,0000,2573.66
20130630,0000,2576.43
20130701,0000,2576.07
20130702,0000,2574.62
20130703,0000,2574.56
20130704,0000,2574.67
20130705,0000,2573.99
20130706,0000,2572.57
20130707,0000,2573.99
20130708,0000,2573.96
20130709,0000,2573.71
20130710,0000,2573.57
20130711,0000,2572.51
20130712,0000,2572.80
20130713,0000,2574.88
20130714,0000,2574.64
20130715,0000,2574.99
20130716,0000,2576.54
20130717,0000,2576.27
20130718,0000,2576.03
20130719,0000,2576.24
20130720,0000,2577.55
20130721,0000,2576.96
20130722,0000,2575.53
20130723,0000,2575.47
20130724,0000,2575.56
20130725,0000,2575.45
20130726,0000,2575.66
20130727,0000,2574.82
20130728,0000,2575.03
20130729,0000,2574.64
20130730,0000,2574.43
20130731,0000,2574.04
20130801,0000,2575.27
20130802,0000,2574.08
20130803,0000,2574.82
20130804,0000,2575.36
20130805,0000,2574.53
20130806,0000,2574.35
20130807,0000,2573.49
20130808,0000,2573.01
20130809,0000,2574.41
20130810,0000,2575.78
20130811,0000,2575.36
20130812,0000,2575.85
20130813,0000,2575.86
20130814,0000,2576.12
20130815,0000,2575.08
20130816,0000,2574.25
20130817,0000,2574.76
20130818,0000,2576.30
20130819,0000,2576.34
20130820,0000,2575.92
20130821,0000,2575.77
20130822,0000,2574.00
20130823,0000,2572.95
20130824,0000,2575.87
20130825,0000,2576.40
20130826,0000,2574.91
20130827,0000,2574.67
20130828,0000,2573.24
20130829,0000,2571.86
20130830,0000,2573.57
20130831,0000,2574.70
20130901,0000,2575.51
20130902,0000,2576.31
20130903,0000,2574.52
20130904,0000,2573.76
20130905,0000,2574.58
20130906,0000,2574.81
20130907,0000,2574.73
20130908,0000,2575.84
20130909,0000,2577.20
20130910,0000,2576.89
20130911,0000,2576.24
20130912,0000,2575.02
20130913,0000,2574.32
20130914,0000,2575.41
20130915,0000,2576.75
20130916,0000,2576.48
20130917,0000,2576.81
20130918,0000,2575.75
20130919,0000,2573.71
20130920,0000,2575.18
20130921,0000,2576.64
20130922,0000,2576.63
20130923,0000,2576.15
20130924,0000,2575.63
20130925,0000,2576.22
20130926,0000,2575.66
20130927,0000,2575.60
20130928,0000,2576.34
20130929,0000,2576.34
20130930,0000,2575.71
20131001,0000,2575.44
20131002,0000,2574.85
20131003,0000,2574.79
20131004,0000,2575.24
20131005,0000,2575.65
20131006,0000,2577.29
20131007,0000,2576.90
20131008,0000,2576.24
20131009,0000,2574.91
20131010,0000,2575.45
20131011,0000,2574.24
20131012,0000,2574.85
20131013,0000,2576.45
20131014,0000,2577.02
20131015,0000,2576.64
20131016,0000,2575.95
20131017,0000,2575.74
20131018,0000,2575.80
20131019,0000,2575.36
20131020,0000,2576.10
20131021,0000,2576.66
20131022,0000,2576.52
20131023,0000,2575.30
20131024,0000,2575.30
20131025,0000,2574.02
20131026,0000,2575.00
20131027,0000,2574.97
20131028,0000,2573.99
20131029,0000,2573.59
20131030,0000,2574.08
20131031,0000,2573.27
20131101,0000,2571.64
20131102,0000,2573.37
20131103,0000,2574.43
20131104,0000,2573.52
20131105,0000,2573.27
20131106,0000,2572.65
20131107,0000,2572.32
20131108,0000,2571.66
20131109,0000,2573.21
20131110,0000,2574.43
20131111,0000,2574.16
20131112,0000,2574.49
20131113,0000,2574.35
20131114,0000,2574.23
20131115,0000,2574.46
20131116,0000,2575.00
20131117,0000,2574.64
20131118,0000,2574.41
20131119,0000,2574.62
20131120,0000,2575.44
20131121,0000,2574.76
20131122,0000,2575.03
20131123,0000,2576.07
20131124,0000,2576.81
20131125,0000,2575.45
20131126,0000,2573.90
20131127,0000,2574.58
20131128,0000,2576.07
20131129,0000,2575.33
20131130,0000,2576.63
20131201,0000,2575.59
20131202,0000,2575.00
20131203,0000,2574.23
20131204,0000,2573.35
20131205,0000,2572.18
20131206,0000,2572.20
20131207,0000,2573.22
20131208,0000,2574.16
20131209,0000,2573.13
20131210,0000,2572.96
20131211,0000,2572.99
20131212,0000,2573.40
20131213,0000,2573.69
20131214,0000,2576.33
20131215,0000,2576.36
20131216,0000,2576.03
20131217,0000,2575.38
20131218,0000,2574.70
20131219,0000,2573.24
20131220,0000,2573.78
20131221,0000,2574.20
20131222,0000,2576.07
20131223,0000,2576.24
20131224,0000,2576.31
20131225,0000,2576.99
20131226,0000,2575.09
20131227,0000,2574.15
20131228,0000,2574.85
20131229,0000,2575.56
20131230,0000,2575.45
20131231,0000,2576.04
20140101,0000,2575.82
20140102,0000,2575.51
20140103,0000,2574.97
20140104,0000,2576.15
20140105,0000,2575.88
20140106,0000,2575.53
20140107,0000,2574.88
20140108,0000,2575.14
20140109,0000,2575.56
20140110,0000,2573.00
20140111,0000,2574.40
20140112,0000,2576.77
20140113,0000,2576.58
20140114,0000,2576.19
20140115,0000,2575.59
20140116,0000,2575.80
20140117,0000,2576.21
20140118,0000,2576.15
20140119,0000,2576.55
20140120,0000,2576.60
20140121,0000,2576.19
20140122,0000,2575.95
20140123,0000,2576.68
20140124,0000,2575.30
20140125,0000,2575.92
20140126,0000,2576.99
20140127,0000,2577.22
20140128,0000,2576.89
20140129,0000,2576.69
20140130,0000,2576.57
20140131,0000,2576.73
20140201,0000,2576.54
20140202,0000,2576.22
20140203,0000,2575.77
20140204,0000,2575.68
20140205,0000,2575.32
20140206,0000,2573.48
20140207,0000,2573.54
20140208,0000,2574.37
20140209,0000,2575.24
20140210,0000,2576.21
20140211,0000,2576.99
20140212,0000,2577.14
20140213,0000,2576.54
20140214,0000,2576.46
20140215,0000,2576.69
20140216,0000,2577.29
20140217,0000,2577.13
20140218,0000,2576.70
20140219,0000,2576.64
20140220,0000,2576.64
20140221,0000,2576.75
20140222,0000,2576.40
20140223,0000,2576.57
20140224,0000,2576.21
20140225,0000,2576.03
20140226,0000,2576.12
20140227,0000,2575.53
20140228,0000,2577.13
20140301,0000,2577.58
20140302,0000,2576.52
20140303,0000,2576.48
20140304,0000,2575.38
20140305,0000,2575.47
20140306,0000,2576.01
20140307,0000,2575.49
20140308,0000,2575.62
20140309,0000,2575.53
20140310,0000,2574.91
20140311,0000,2574.01
20140312,0000,2574.11
20140313,0000,2573.60
20140314,0000,2572.68
20140315,0000,2573.51
20140316,0000,2574.65
20140317,0000,2574.91
20140318,0000,2575.11
20140319,0000,2575.33
20140320,0000,2575.03
20140321,0000,2575.51
20140322,0000,2575.88
20140323,0000,2575.74
20140324,0000,2576.33
20140325,0000,2577.04
20140326,0000,2577.70
20140327,0000,2577.58
20140328,0000,2576.84
20140329,0000,2576.78
20140330,0000,2577.31
20140331,0000,2576.84
20140401,0000,2577.25
20140402,0000,2577.58
20140403,0000,2577.37
20140404,0000,2577.37
20140405,0000,2577.70
20140406,0000,2577.23
20140407,0000,2575.92
20140408,0000,2575.98
20140409,0000,2576.12
20140410,0000,2576.18
20140411,0000,2575.84
20140412,0000,2576.24
20140413,0000,2576.81
20140414,0000,2575.81
20140415,0000,2574.97
20140416,0000,2574.08
20140417,0000,2574.35
20140418,0000,2574.95
20140419,0000,2574.95
20140420,0000,2574.78
20140421,0000,2574.73
20140422,0000,2574.81
20140423,0000,2574.73
20140424,0000,2574.68
20140425,0000,2574.67
20140426,0000,2574.64
20140427,0000,2574.58
20140428,0000,2574.58
20140429,0000,2574.34
20140430,0000,2574.31
20140501,0000,2574.43
20140502,0000,2574.32
20140503,0000,2574.43
20140504,0000,2574.65
20140505,0000,2574.91
20140506,0000,2574.90
20140507,0000,2574.79
20140508,0000,2574.91
20140509,0000,2574.82
20140510,0000,2575.05
20140511,0000,2574.89
20140512,0000,2574.88
20140513,0000,2574.85
20140514,0000,2573.60
20140515,0000,2574.81
20140516,0000,2574.08
20140517,0000,2574.34
20140518,0000,2574.26
20140519,0000,2574.18
20140520,0000,2574.04
20140521,0000,2574.02
20140522,0000,2573.88
20140523,0000,2573.78
20140524,0000,2573.75
20140525,0000,2573.75
20140526,0000,2573.69
20140527,0000,2573.66
20140528,0000,2573.71
20140529,0000,2573.60
20140530,0000,2573.85
20140531,0000,2573.87
20140601,0000,2573.78
20140602,0000,2574.26
20140603,0000,2572.19
20140604,0000,2572.36
20140605,0000,2571.73
20140606,0000,2572.92
20140607,0000,2573.54
20140608,0000,2573.40
20140609,0000,2572.58
20140610,0000,2571.97
20140611,0000,2572.98
20140612,0000,2571.88
20140613,0000,2572.00
20140614,0000,2571.76
20140615,0000,2573.19
20140616,0000,2572.92
20140617,0000,2574.02
20140618,0000,2572.74
20140619,0000,2572.74
20140620,0000,2573.07
20140621,0000,2571.23
20140622,0000,2572.80
20140623,0000,2572.84
20140624,0000,2573.36
20140625,0000,2572.59
20140626,0000,2571.78
20140627,0000,2571.52
20140628,0000,2573.33
20140629,0000,2572.95
20140630,0000,2572.38
20140701,0000,2571.35
20140702,0000,2571.08
20140703,0000,2571.95
20140704,0000,2574.53
20140705,0000,2576.70
20140706,0000,2577.04
20140707,0000,2575.47
20140708,0000,2575.09
20140709,0000,2574.78
20140710,0000,2575.54
20140711,0000,2574.60
20140712,0000,2573.73
20140713,0000,2576.15
20140714,0000,2575.44
20140715,0000,2574.97
20140716,0000,2574.90
20140717,0000,2575.62
20140718,0000,2575.36
20140719,0000,2575.92
20140720,0000,2576.04
20140721,0000,2575.47
20140722,0000,2574.41
20140723,0000,2574.56
20140724,0000,2573.37
20140725,0000,2572.70
20140726,0000,2574.34
20140727,0000,2576.48
20140728,0000,2576.15
20140729,0000,2576.19
20140730,0000,2575.51
20140731,0000,2575.05
20140801,0000,2574.23
20140802,0000,2575.23
20140803,0000,2576.60
20140804,0000,2575.42
20140805,0000,2575.63
20140806,0000,2575.56
20140807,0000,2575.79
20140808,0000,2574.91
20140809,0000,2575.92
20140810,0000,2576.54
20140811,0000,2576.60
20140812,0000,2576.71
20140813,0000,2576.95
20140814,0000,2576.26
20140815,0000,2575.35
20140816,0000,2576.69
20140817,0000,2576.97
20140818,0000,2577.12
20140819,0000,2577.27
20140820,0000,2576.54
20140821,0000,2576.74
20140822,0000,2576.47
20140823,0000,2576.92
20140824,0000,2577.18
20140825,0000,2577.27
20140826,0000,2576.56
20140827,0000,2575.70
20140828,0000,2575.40
20140829,0000,2574.83
20140830,0000,2574.57
20140831,0000,2575.70
20140901,0000,2575.76
20140902,0000,2575.91
20140903,0000,2575.86
20140904,0000,2575.16
20140905,0000,2574.84
20140906,0000,2575.75
20140907,0000,2576.75
20140908,0000,2576.89
20140909,0000,2577.02
20140910,0000,2577.15
20140911,0000,2577.34
20140912,0000,2576.54
20140913,0000,2575.61
20140914,0000,2575.04
20140915,0000,2576.17
20140916,0000,2576.59
20140917,0000,2576.73
20140918,0000,2576.92
20140919,0000,2577.13
20140920,0000,2577.12
20140921,0000,2577.38
20140922,0000,2576.62
20140923,0000,2576.64
20140924,0000,2576.89
20140925,0000,2576.62
20140926,0000,2577.39
20140927,0000,2577.57
20140928,0000,2576.66
20140929,0000,2577.62
20140930,0000,2576.55
20141001,0000,2576.47
20141002,0000,2576.17
20141003,0000,2575.98
20141004,0000,2576.32
20141005,0000,2577.48
20141006,0000,2576.95
20141007,0000,2576.53
20141008,0000,2576.31
20141009,0000,2575.79
20141010,0000,2575.95
20141011,0000,2576.08
20141012,0000,2576.17
20141013,0000,2575.40
20141014,0000,2574.93
20141015,0000,2574.66
20141016,0000,2574.59
20141017,0000,2575.19
20141018,0000,2575.80
20141019,0000,2576.83
20141020,0000,2576.29
20141021,0000,2576.44
20141022,0000,2575.64
20141023,0000,2574.41
20141024,0000,2574.12
20141025,0000,2575.16
20141026,0000,2576.29
20141027,0000,2575.71
20141028,0000,2575.36
20141029,0000,2575.01
20141030,0000,2574.35
20141031,0000,2575.43
20141101,0000,2576.65
20141102,0000,2577.88
20141103,0000,2577.02
20141104,0000,2576.53
20141105,0000,2576.06
20141106,0000,2575.27
20141107,0000,2575.29
20141108,0000,2576.08
20141109,0000,2576.66
20141110,0000,2577.27
20141111,0000,2576.62
20141112,0000,2576.69
20141113,0000,2576.32
20141114,0000,2576.15
20141115,0000,2576.97
20141116,0000,2577.36
20141117,0000,2576.71
20141118,0000,2576.36
20141119,0000,2576.38
20141120,0000,2575.58
20141121,0000,2576.35
20141122,0000,2575.37
20141123,0000,2576.68
20141124,0000,2576.11
20141125,0000,2575.70
20141126,0000,2575.23
20141127,0000,2575.38
20141128,0000,2575.49
20141129,0000,2575.70
20141130,0000,2576.05
20141201,0000,2575.70
20141202,0000,2575.82
20141203,0000,2575.57
20141204,0000,2575.67
20141205,0000,2576.05
20141206,0000,2576.82
20141207,0000,2576.62
20141208,0000,2577.12
20141209,0000,2576.33
20141210,0000,2576.20
20141211,0000,2575.93
20141212,0000,2576.80
20141213,0000,2576.26
20141214,0000,2577.21
20141215,0000,2575.96
20141216,0000,2575.84
20141217,0000,2576.10
20141218,0000,2576.17
20141219,0000,2575.99
20141220,0000,2576.61
20141221,0000,2577.11
20141222,0000,2576.63
20141223,0000,2575.84
20141224,0000,2576.71
20141225,0000,2577.20
20141226,0000,2576.33
20141227,0000,2576.38
20141228,0000,2576.62
20141229,0000,2576.14
20141230,0000,2575.87
20141231,0000,2576.42
20150101,0000,2575.81
20150102,0000,2575.72
20150103,0000,2576.79
20150104,0000,2577.22
20150105,0000,2576.80
20150106,0000,2577.22
20150107,0000,2577.18
20150108,0000,2577.11
20150109,0000,2577.07
20150110,0000,2577.13
20150111,0000,2576.99
20150112,0000,2576.64
20150113,0000,2576.94
20150114,0000,2577.01
20150115,0000,2576.79
20150116,0000,2576.89
20150117,0000,2576.56
20150118,0000,2577.30
20150119,0000,2576.59
20150120,0000,2576.31
20150121,0000,2575.85
20150122,0000,2575.63
20150123,0000,2575.88
20150124,0000,2576.44
20150125,0000,2576.80
20150126,0000,2576.53
20150127,0000,2576.68
20150128,0000,2576.71
20150129,0000,2576.65
20150130,0000,2576.41
20150131,0000,2576.41
20150201,0000,2577.12
20150202,0000,2576.86
20150203,0000,2577.00
20150204,0000,2577.09
20150205,0000,2577.04
20150206,0000,2576.93
20150207,0000,2576.91
20150208,0000,2577.69
20150209,0000,2577.49
20150210,0000,2576.35
20150211,0000,2576.38
20150212,0000,2575.81
20150213,0000,2576.14
20150214,0000,2576.34
20150215,0000,2576.59
20150216,0000,2576.56
20150217,0000,2576.54
20150218,0000,2576.50
20150219,0000,2576.53
20150220,0000,2576.45
20150221,0000,2576.56
20150222,0000,2576.52
20150223,0000,2576.65
20150224,0000,2576.55
20150225,0000,2576.53
20150226,0000,2576.53
20150227,0000,2576.50
20150228,0000,2576.50
20150301,0000,2576.58
20150302,0000,2576.61
20150303,0000,2576.23
20150304,0000,2576.05
20150305,0000,2575.94
20150306,0000,2576.06
20150307,0000,2576.68
20150308,0000,2577.43
20150309,0000,2577.36
20150310,0000,2577.15
20150311,0000,2576.92
20150312,0000,2576.35
20150313,0000,2575.99
20150314,0000,2576.39
20150315,0000,2576.81
20150316,0000,2576.79
20150317,0000,2576.97
20150318,0000,2577.39
20150319,0000,2577.18
20150320,0000,2575.39
20150321,0000,2576.71
20150322,0000,2577.73
20150323,0000,2577.52
20150324,0000,2576.80
20150325,0000,2575.70
20150326,0000,2574.76
20150327,0000,2574.50
20150328,0000,2575.31
20150329,0000,2576.44
20150330,0000,2574.93
20150331,0000,2574.69
20150401,0000,2574.80
20150402,0000,2574.54
20150403,0000,2573.03
20150404,0000,2574.42
20150405,0000,2575.80
20150406,0000,2576.17
20150407,0000,2576.56
20150408,0000,2575.01
20150409,0000,2574.83
20150410,0000,2575.31
20150411,0000,2576.22
20150412,0000,2576.38
20150413,0000,2575.84
20150414,0000,2575.52
20150415,0000,2574.27
20150416,0000,2574.15
20150417,0000,2574.33
20150418,0000,2575.30
20150419,0000,2576.38
20150420,0000,2575.70
20150421,0000,2575.31
20150422,0000,2574.96
20150423,0000,2575.08
20150424,0000,2574.74
20150425,0000,2576.40
20150426,0000,2577.09
20150427,0000,2576.26
20150428,0000,2575.04
20150429,0000,2574.48
20150430,0000,2574.42
20150501,0000,2574.06
20150502,0000,2575.34
20150503,0000,2576.58
20150504,0000,2575.70
20150505,0000,2575.85
20150506,0000,2574.77
20150507,0000,2574.60
20150508,0000,2574.27
20150509,0000,2576.02
20150510,0000,2577.37
20150511,0000,2576.29
20150512,0000,2576.47
20150513,0000,2576.29
20150514,0000,2576.00
20150515,0000,2576.08
20150516,0000,2576.35
20150517,0000,2576.83
20150518,0000,2575.23
20150519,0000,2574.63
20150520,0000,2574.24
20150521,0000,2574.45
20150522,0000,2574.72
20150523,0000,2575.76
20150524,0000,2576.94
20150525,0000,2577.54
20150526,0000,2577.39
20150527,0000,2576.59
20150528,0000,2576.85
20150529,0000,2577.10
20150530,0000,2576.91
20150531,0000,2576.53
20150601,0000,2576.56
20150602,0000,2576.59
20150603,0000,2576.70
20150604,0000,2576.83
20150605,0000,2576.64
20150606,0000,2576.90
20150607,0000,2577.05
20150608,0000,2577.17
20150609,0000,2577.24
20150610,0000,2577.10
20150611,0000,2577.00
20150612,0000,2576.62
20150613,0000,2576.77
20150614,0000,2576.73
20150615,0000,2576.80
20150616,0000,2576.62
20150617,0000,2576.44
20150618,0000,2576.48
20150619,0000,2576.49
20150620,0000,2576.37
20150621,0000,2575.70
20150622,0000,2575.71
20150623,0000,2576.05
20150624,0000,2576.14
20150625,0000,2575.43
20150626,0000,2574.87
20150627,0000,2576.50
20150628,0000,2576.71
20150629,0000,2576.62
20150630,0000,2576.50
20150701,0000,2577.69
20150702,0000,2576.70
20150703,0000,2576.29
20150704,0000,2576.44
20150705,0000,2576.68
20150706,0000,2576.14
20150707,0000,2575.73
20150708,0000,2574.98
20150709,0000,2574.77
20150710,0000,2574.61
20150711,0000,2575.30
20150712,0000,2576.20
20150713,0000,2576.14
20150714,0000,2576.03
20150715,0000,2576.08
20150716,0000,2575.96
20150717,0000,2575.67
20150718,0000,2576.36
20150719,0000,2576.78
20150720,0000,2576.44
20150721,0000,2576.21
20150722,0000,2575.91
20150723,0000,2575.86
20150724,0000,2575.91
20150725,0000,2576.14
20150726,0000,2576.95
20150727,0000,2576.89
20150728,0000,2577.25
20150729,0000,2576.68
20150730,0000,2576.30
20150731,0000,2575.52
20150801,0000,2575.76
20150802,0000,2576.15
20150803,0000,2576.36
20150804,0000,2576.26
20150805,0000,2575.56
20150806,0000,2575.87
20150807,0000,2575.70
20150808,0000,2576.15
20150809,0000,2576.69
20150810,0000,2576.20
20150811,0000,2576.00
20150812,0000,2575.76
20150813,0000,2575.38
20150814,0000,2575.44
20150815,0000,2576.11
20150816,0000,2576.62
20150817,0000,2576.36
20150818,0000,2576.71
20150819,0000,2576.36
20150820,0000,2576.83
20150821,0000,2576.92
20150822,0000,2577.40
20150823,0000,2576.69
20150824,0000,2575.04
20150825,0000,2576.74
20150826,0000,2576.24
20150827,0000,2575.94
20150828,0000,2575.02
20150829,0000,2575.94
20150830,0000,2576.26
20150831,0000,2576.92
20150901,0000,2576.88
20150902,0000,2576.88
20150903,0000,2576.63
20150904,0000,2576.30
20150905,0000,2576.53
20150906,0000,2577.50
20150907,0000,2577.82
20150908,0000,2575.29
20150909,0000,2575.17
20150910,0000,2576.80
20150911,0000,2575.29
20150912,0000,2575.14
20150913,0000,2574.90
20150914,0000,2574.19
20150915,0000,2573.86
20150916,0000,2573.93
20150917,0000,2574.09
20150918,0000,2574.31
20150919,0000,2575.23
20150920,0000,2575.91
20150921,0000,2577.20
20150922,0000,2576.87
20150923,0000,2576.62
20150924,0000,2575.97
20150925,0000,2575.94
20150926,0000,2576.13
20150927,0000,2577.54
20150928,0000,2577.01
20150929,0000,2577.15
20150930,0000,2576.24
20151001,0000,2575.99
20151002,0000,2576.22
20151003,0000,2576.37
20151004,0000,2576.56
20151005,0000,2577.07
20151006,0000,2576.81
20151007,0000,2576.53
20151008,0000,2575.79
20151009,0000,2574.13
20151010,0000,2575.91
20151011,0000,2575.10
20151012,0000,2575.65
20151013,0000,2575.44
20151014,0000,2576.39
20151015,0000,2577.28
20151016,0000,2576.27
20151017,0000,2576.47
20151018,0000,2576.53
20151019,0000,2576.01
20151020,0000,2575.94
20151021,0000,2575.55
20151022,0000,2575.29
20151023,0000,2574.80
20151024,0000,2575.17
20151025,0000,2575.94
20151026,0000,2576.00
20151027,0000,2576.69
20151028,0000,2576.06
20151029,0000,2576.27
20151030,0000,2576.31
20151031,0000,2577.11
20151101,0000,2577.43
20151102,0000,2577.10
20151103,0000,2576.54
20151104,0000,2576.42
20151105,0000,2575.52
20151106,0000,2575.82
20151107,0000,2576.28
20151108,0000,2576.22
20151109,0000,2576.39
20151110,0000,2576.41
20151111,0000,2576.40
20151112,0000,2575.78
20151113,0000,2574.87
20151114,0000,2575.14
20151115,0000,2575.00
20151116,0000,2576.00
20151117,0000,2575.82
20151118,0000,2575.55
20151119,0000,2575.83
20151120,0000,2574.52
20151121,0000,2575.50
20151122,0000,2576.30
20151123,0000,2576.78
20151124,0000,2576.42
20151125,0000,2576.56
20151126,0000,2576.53
20151127,0000,2576.74
20151128,0000,2577.25
20151129,0000,2577.23
20151130,0000,2576.72
20151201,0000,2576.60
20151202,0000,2576.55
20151203,0000,2576.18
20151204,0000,2574.96
20151205,0000,2575.51
20151206,0000,2576.53
20151207,0000,2577.24
20151208,0000,2576.33
20151209,0000,2576.26
20151210,0000,2575.63
20151211,0000,2575.72
20151212,0000,2576.06
20151213,0000,2576.30
20151214,0000,2576.47
20151215,0000,2577.27
20151216,0000,2576.77
20151217,0000,2576.55
20151218,0000,2576.21
20151219,0000,2575.56
20151220,0000,2575.60
20151221,0000,2575.02
20151222,0000,2575.36
20151223,0000,2574.96
20151224,0000,2575.98
20151225,0000,2576.15
20151226,0000,2576.38
20151227,0000,2576.35
20151228,0000,2576.33
20151229,0000,2575.94
20151230,0000,2575.70
20151231,0000,2575.73
20160101,0000,2575.67
20160102,0000,2576.30
20160103,0000,2576.71
20160104,0000,2577.43
20160105,0000,2577.54
20160106,0000,2577.27
20160107,0000,2577.15
20160108,0000,2576.68
20160109,0000,2576.47
20160110,0000,2576.34
20160111,0000,2576.30
20160112,0000,2576.25
20160113,0000,2576.21
20160114,0000,2575.91
20160115,0000,2575.93
20160116,0000,2576.37
20160117,0000,2576.26
20160118,0000,2576.38
20160119,0000,2576.41
20160120,0000,2576.62
20160121,0000,2576.80
20160122,0000,2577.07
20160123,0000,2577.23
20160124,0000,2577.07
20160125,0000,2576.92
20160126,0000,2577.11
20160127,0000,2576.89
20160128,0000,2576.77
20160129,0000,2576.95
20160130,0000,2577.16
20160131,0000,2577.42
20160201,0000,2577.31
20160202,0000,2577.45
20160203,0000,2577.03
20160204,0000,2576.80
20160205,0000,2576.88
20160206,0000,2576.79
20160207,0000,2576.57
20160208,0000,2576.51
20160209,0000,2576.57
20160210,0000,2576.29
20160211,0000,2576.33
20160212,0000,2576.35
20160213,0000,2576.36
20160214,0000,2576.35
20160215,0000,2576.33
20160216,0000,2576.21
20160217,0000,2576.24
20160218,0000,2576.26
20160219,0000,2576.33
20160220,0000,2576.21
20160221,0000,2576.42
20160222,0000,2576.24
20160223,0000,2576.30
20160224,0000,2576.24
20160225,0000,2576.03
20160226,0000,2575.90
20160227,0000,2576.34
20160228,0000,2576.09
20160229,0000,2573.77
20160301,0000,2573.33
20160302,0000,2572.73
20160303,0000,2572.14
20160304,0000,2572.59
20160305,0000,2575.12
20160306,0000,2576.24
20160307,0000,2574.79
20160308,0000,2574.57
20160309,0000,2574.39
20160310,0000,2574.22
20160311,0000,2573.27
20160312,0000,2575.79
20160313,0000,2577.93
20160314,0000,2576.44
20160315,0000,2575.11
20160316,0000,2574.60
20160317,0000,2574.01
20160318,0000,2573.21
20160319,0000,2575.23
20160320,0000,2576.98
20160321,0000,2576.56
20160322,0000,2575.54
20160323,0000,2574.90
20160324,0000,2574.65
20160325,0000,2574.07
20160326,0000,2575.31
20160327,0000,2577.01
20160328,0000,2577.19
20160329,0000,2576.98
20160330,0000,2576.89
20160331,0000,2576.55
20160401,0000,2576.44
20160402,0000,2577.23
20160403,0000,2577.04
20160404,0000,2577.25
20160405,0000,2576.45
20160406,0000,2575.27
20160407,0000,2576.12
20160408,0000,2576.39
20160409,0000,2576.59
20160410,0000,2577.81
20160411,0000,2576.98
20160412,0000,2576.57
20160413,0000,2576.25
20160414,0000,2575.86
20160415,0000,2575.37
20160416,0000,2576.33
20160417,0000,2576.15
20160418,0000,2575.35
20160419,0000,2575.24
20160420,0000,2574.02
20160421,0000,2571.69
20160422,0000,2569.82
20160423,0000,2569.02
20160424,0000,2567.68
20160425,0000,2565.51
20160426,0000,2563.37
20160427,0000,2565.36
20160428,0000,2567.92
20160429,0000,2569.87
20160430,0000,2572.05
20160501,0000,2573.18
20160502,0000,2572.77
20160503,0000,2572.53
20160504,0000,2572.46
20160505,0000,2573.00
20160506,0000,2573.32
20160507,0000,2574.96
20160508,0000,2576.33
20160509,0000,2575.55
20160510,0000,2574.99
20160511,0000,2574.87
20160512,0000,2574.19
20160513,0000,2573.86
20160514,0000,2575.97
20160515,0000,2575.68
20160516,0000,2575.40
20160517,0000,2574.70
20160518,0000,2573.09
20160519,0000,2572.55
20160520,0000,2572.38
20160521,0000,2574.21
20160522,0000,2576.03
20160523,0000,2576.75
20160524,0000,2576.74
20160525,0000,2576.98
20160526,0000,2576.25
20160527,0000,2576.00
20160528,0000,2576.36
20160529,0000,2576.69
20160530,0000,2577.59
20160531,0000,2576.68
20160601,0000,2575.61
20160602,0000,2574.60
20160603,0000,2574.55
20160604,0000,2575.25
20160605,0000,2575.85
20160606,0000,2575.56
20160607,0000,2575.05
20160608,0000,2574.52
20160609,0000,2573.45
20160610,0000,2573.04
20160611,0000,2574.90
20160612,0000,2576.56
20160613,0000,2575.91
20160614,0000,2575.58
20160615,0000,2575.43
20160616,0000,2576.51
20160617,0000,2575.91
20160618,0000,2575.85
20160619,0000,2575.64
20160620,0000,2575.54
20160621,0000,2575.67
20160622,0000,2575.15
20160623,0000,2574.87
20160624,0000,2574.80
20160625,0000,2576.28
20160626,0000,2576.23
20160627,0000,2575.59
20160628,0000,2575.34
20160629,0000,2574.91
20160630,0000,2573.93
20160701,0000,2573.68
20160702,0000,2574.84
20160703,0000,2576.45
20160704,0000,2576.72
20160705,0000,2576.72
20160706,0000,2576.33
20160707,0000,2576.65
20160708,0000,2576.80
20160709,0000,2577.25
20160710,0000,2577.00
20160711,0000,2577.08
20160712,0000,2577.10
20160713,0000,2577.19
20160714,0000,2577.85
20160715,0000,2576.71
20160716,0000,2576.83
20160717,0000,2576.84
20160718,0000,2576.33
20160719,0000,2576.33
20160720,0000,2577.19
20160721,0000,2577.48
20160722,0000,2576.97
20160723,0000,2576.17
20160724,0000,2576.97
20160725,0000,2576.57
20160726,0000,2576.89
20160727,0000,2577.04
20160728,0000,2577.03
20160729,0000,2576.98
20160730,0000,2576.62
20160731,0000,2577.46
20160801,0000,2577.16
20160802,0000,2576.95
20160803,0000,2576.98
20160804,0000,2576.71
20160805,0000,2576.09
20160806,0000,2576.24
20160807,0000,2576.71
20160808,0000,2577.07
20160809,0000,2577.01
20160810,0000,2577.66
20160811,0000,2577.40
20160812,0000,2577.16
20160813,0000,2577.23
20160814,0000,2577.04
20160815,0000,2576.86
20160816,0000,2576.44
20160817,0000,2576.98
20160818,0000,2576.75
20160819,0000,2576.47
20160820,0000,2576.86
20160821,0000,2577.59
20160822,0000,2577.48
20160823,0000,2577.46
20160824,0000,2577.46
20160825,0000,2576.95
20160826,0000,2577.00
20160827,0000,2577.23
20160828,0000,2577.13
20160829,0000,2577.01
20160830,0000,2576.89
20160831,0000,2576.84
20160901,0000,2576.56
20160902,0000,2577.07
20160903,0000,2576.71
20160904,0000,2577.25
20160905,0000,2577.19
20160906,0000,2577.37
20160907,0000,2577.36
20160908,0000,2577.28
20160909,0000,2577.46
20160910,0000,2577.54
20160911,0000,2577.16
20160912,0000,2577.12
20160913,0000,2577.10
20160914,0000,2576.83
20160915,0000,2576.55
20160916,0000,2576.51
20160917,0000,2576.86
20160918,0000,2576.60
20160919,0000,2576.19
20160920,0000,2576.09
20160921,0000,2576.80
20160922,0000,2576.27
20160923,0000,2576.69
20160924,0000,2577.13
20160925,0000,2577.28
20160926,0000,2577.36
20160927,0000,2577.25
20160928,0000,2576.59
20160929,0000,2575.75
20160930,0000,2575.89
20161001,0000,2576.18
20161002,0000,2577.34
20161003,0000,2576.98
20161004,0000,2576.92
20161005,0000,2576.93
20161006,0000,2576.68
20161007,0000,2575.47
20161008,0000,2575.79
20161009,0000,2576.89
20161010,0000,2576.21
20161011,0000,2575.96
20161012,0000,2574.97
20161013,0000,2573.42
20161014,0000,2572.43
20161015,0000,2574.25
20161016,0000,2575.94
20161017,0000,2576.08
20161018,0000,2575.47
20161019,0000,2575.02
20161020,0000,2574.82
20161021,0000,2574.40
20161022,0000,2574.67
20161023,0000,2574.94
20161024,0000,2575.50
20161025,0000,2575.71
20161026,0000,2576.18
20161027,0000,2576.60
20161028,0000,2577.16
20161029,0000,2576.63
20161030,0000,2576.50
20161031,0000,2575.29
20161101,0000,2575.56
20161102,0000,2576.09
20161103,0000,2576.18
20161104,0000,2576.00
20161105,0000,2575.66
20161106,0000,2575.67
20161107,0000,2575.08
20161108,0000,2575.29
20161109,0000,2576.15
20161110,0000,2576.09
20161111,0000,2576.83
20161112,0000,2575.94
20161113,0000,2575.91
20161114,0000,2575.79
20161115,0000,2575.74
20161116,0000,2575.69
20161117,0000,2575.46
20161118,0000,2575.31
20161119,0000,2575.26
20161120,0000,2575.26
20161121,0000,2575.18
20161122,0000,2575.07
20161123,0000,2575.04
20161124,0000,2574.96
20161125,0000,2574.88
20161126,0000,2574.86
20161127,0000,2574.84
20161128,0000,2575.00
20161129,0000,2574.84
20161130,0000,2574.81
20161201,0000,2574.80
20161202,0000,2574.77
20161203,0000,2574.76
20161204,0000,2574.64
20161205,0000,2574.65
20161206,0000,2574.64
20161207,0000,2574.57
20161208,0000,2574.61
20161209,0000,2574.64
20161210,0000,2574.63
20161211,0000,2574.64
20161212,0000,2574.58
20161213,0000,2574.54
20161214,0000,2574.64
20161215,0000,2574.63
20161216,0000,2576.66
20161217,0000,2574.42
20161218,0000,2574.07
20161219,0000,2574.11
20161220,0000,2574.81
20161221,0000,2572.85
20161222,0000,2569.87
20161223,0000,2569.79
20161224,0000,2571.39
20161225,0000,2572.37
20161226,0000,2572.21
20161227,0000,2572.48
20161228,0000,2572.55
20161229,0000,2572.85
20161230,0000,2572.91
20161231,0000,2573.89
20170101,0000,2575.55
20170102,0000,2575.91
20170103,0000,2576.06
20170104,0000,2574.93
20170105,0000,2573.71
20170106,0000,2573.44
20170107,0000,2574.84
20170108,0000,2575.68
20170109,0000,2575.23
20170110,0000,2575.23
20170111,0000,2574.24
20170112,0000,2573.68
20170113,0000,2572.73
20170114,0000,2574.60
20170115,0000,2576.07
20170116,0000,2575.64
20170117,0000,2575.25
20170118,0000,2574.90
20170119,0000,2574.51
20170120,0000,2574.39
20170121,0000,2574.87
20170122,0000,2575.94
20170123,0000,2573.68
20170124,0000,2571.21
20170125,0000,2570.88
20170126,0000,2570.56
20170127,0000,2570.53
20170128,0000,2573.03
20170129,0000,2575.62
20170130,0000,2575.28
20170131,0000,2574.42
20170201,0000,2573.60
20170202,0000,2572.79
20170203,0000,2572.19
20170204,0000,2573.92
20170205,0000,2575.70
20170206,0000,2575.61
20170207,0000,2575.34
20170208,0000,2575.20
20170209,0000,2575.14
20170210,0000,2574.72
20170211,0000,2576.13
20170212,0000,2577.18
20170213,0000,2576.88
20170214,0000,2576.69
20170215,0000,2576.34
20170216,0000,2575.82
20170217,0000,2576.89
20170218,0000,2576.59
20170219,0000,2576.06
20170220,0000,2575.46
20170221,0000,2575.04
20170222,0000,2575.35
20170223,0000,2574.71
20170224,0000,2574.81
20170225,0000,2574.01
20170226,0000,2573.89
20170227,0000,2573.81
20170228,0000,2574.24
20170301,0000,2574.71
20170302,0000,2575.29
20170303,0000,2575.18
20170304,0000,2575.35
20170305,0000,2574.60
20170306,0000,2575.34
20170307,0000,2575.00
20170308,0000,2575.17
20170309,0000,2574.84
20170310,0000,2575.26
20170311,0000,2575.73
20170312,0000,2576.09
20170313,0000,2575.37
20170314,0000,2575.11
20170315,0000,2574.10
20170316,0000,2573.27
20170317,0000,2573.06
20170318,0000,2574.33
20170319,0000,2575.58
20170320,0000,2575.54
20170321,0000,2575.17
20170322,0000,2576.00
20170323,0000,2575.99
20170324,0000,2576.05
20170325,0000,2576.47
20170326,0000,2577.48
20170327,0000,2576.71
20170328,0000,2575.75
20170329,0000,2574.83
20170330,0000,2576.04
20170331,0000,2575.29
20170401,0000,2575.58
20170402,0000,2575.31
20170403,0000,2574.93
20170404,0000,2574.60
20170405,0000,2574.16
20170406,0000,2573.63
20170407,0000,2573.32
20170408,0000,2574.49
20170409,0000,2575.85
20170410,0000,2574.94
20170411,0000,2574.79
20170412,0000,2574.55
20170413,0000,2574.63
20170414,0000,2574.25
20170415,0000,2575.82
20170416,0000,2575.52
20170417,0000,2575.41
20170418,0000,2575.41
20170419,0000,2574.04
20170420,0000,2572.89
20170421,0000,2573.65
20170422,0000,2574.72
20170423,0000,2576.53
20170424,0000,2575.88
20170425,0000,2575.23
20170426,0000,2573.10
20170427,0000,2571.21
20170428,0000,2569.99
20170429,0000,2572.49
20170430,0000,2574.63
20170501,0000,2573.15
20170502,0000,2573.83
20170503,0000,2574.28
20170504,0000,2574.19
20170505,0000,2575.18
20170506,0000,2576.30
20170507,0000,2577.60
20170508,0000,2576.45
20170509,0000,2575.88
20170510,0000,2575.64
20170511,0000,2574.66
20170512,0000,2574.35
20170513,0000,2573.95
20170514,0000,2575.56
20170515,0000,2576.50
20170516,0000,2576.54
20170517,0000,2575.88
20170518,0000,2575.58
20170519,0000,2574.72
20170520,0000,2574.64
20170521,0000,2576.21
20170522,0000,2576.28
20170523,0000,2576.24
20170524,0000,2576.02
20170525,0000,2575.94
20170526,0000,2575.82
20170527,0000,2576.29
20170528,0000,2576.24
20170529,0000,2576.09
20170530,0000,2575.41
20170531,0000,2574.72
20170601,0000,2574.19
20170602,0000,2572.88
20170603,0000,2573.06
20170604,0000,2574.10
20170605,0000,2574.25
20170606,0000,2574.28
20170607,0000,2574.25
20170608,0000,2574.37
20170609,0000,2573.44
20170610,0000,2574.37
20170611,0000,2576.21
20170612,0000,2575.91
20170613,0000,2575.21
20170614,0000,2574.87
20170615,0000,2574.66
20170616,0000,2574.33
20170617,0000,2574.60
20170618,0000,2574.89
20170619,0000,2574.34
20170620,0000,2574.39
20170621,0000,2574.78
20170622,0000,2573.80
20170623,0000,2573.29
20170624,0000,2573.95
20170625,0000,2573.98
20170626,0000,2572.91
20170627,0000,2573.35
20170628,0000,2573.80
20170629,0000,2573.92
20170630,0000,2573.21
20170701,0000,2573.50
20170702,0000,2574.30
20170703,0000,2574.84
20170704,0000,2575.65
20170705,0000,2575.52
20170706,0000,2574.48
20170707,0000,2573.36
20170708,0000,2573.83
20170709,0000,2573.97
20170710,0000,2573.40
20170711,0000,2573.81
20170712,0000,2573.82
20170713,0000,2573.95
20170714,0000,2573.95
20170715,0000,2575.08
20170716,0000,2575.61
20170717,0000,2575.73
20170718,0000,2575.46
20170719,0000,2575.44
20170720,0000,2574.84
20170721,0000,2574.03
20170722,0000,2575.14
20170723,0000,2575.76
20170724,0000,2575.91
20170725,0000,2575.79
20170726,0000,2575.49
20170727,0000,2575.29
20170728,0000,2575.11
20170729,0000,2575.76
20170730,0000,2576.51
20170731,0000,2575.94
20170801,0000,2574.36
20170802,0000,2574.69
20170803,0000,2572.82
20170804,0000,2576.38
20170805,0000,2576.26
20170806,0000,2576.33
20170807,0000,2575.85
20170808,0000,2575.11
20170809,0000,2575.55
20170810,0000,2575.58
20170811,0000,2575.43
20170812,0000,2576.50
20170813,0000,2577.07
20170814,0000,2576.77
20170815,0000,2576.32
20170816,0000,2575.43
20170817,0000,2575.08
20170818,0000,2574.78
20170819,0000,2575.31
20170820,0000,2576.28
20170821,0000,2575.94
20170822,0000,2575.76
20170823,0000,2575.56
20170824,0000,2574.86
20170825,0000,2574.51
20170826,0000,2575.35
20170827,0000,2575.73
20170828,0000,2575.96
20170829,0000,2575.49
20170830,0000,2575.27
20170831,0000,2575.70
20170901,0000,2576.41
20170902,0000,2575.16
20170903,0000,2575.67
20170904,0000,2575.29
20170905,0000,2574.30
20170906,0000,2574.30
20170907,0000,2574.53
20170908,0000,2574.15
20170909,0000,2574.87
20170910,0000,2574.66
20170911,0000,2572.99
20170912,0000,2573.89
20170913,0000,2573.54
20170914,0000,2573.18
20170915,0000,2573.32
20170916,0000,2574.21
20170917,0000,2575.25
20170918,0000,2574.75
20170919,0000,2575.43
20170920,0000,2574.96
20170921,0000,2574.69
20170922,0000,2574.43
20170923,0000,2576.27
20170924,0000,2576.39
20170925,0000,2575.90
20170926,0000,2575.62
20170927,0000,2575.19
20170928,0000,2574.84
20170929,0000,2574.69
20170930,0000,2575.47
20171001,0000,2575.36
20171002,0000,2574.80
20171003,0000,2573.92
20171004,0000,2573.34
20171005,0000,2572.78
20171006,0000,2573.56
20171007,0000,2573.86
20171008,0000,2574.63
20171009,0000,2574.51
20171010,0000,2574.36
20171011,0000,2574.17
20171012,0000,2573.95
20171013,0000,2574.20
20171014,0000,2574.82
20171015,0000,2574.51
20171016,0000,2571.70
20171017,0000,2572.11
20171018,0000,2572.41
20171019,0000,2573.29
20171020,0000,2573.59
20171021,0000,2575.52
20171022,0000,2575.87
20171023,0000,2576.12
20171024,0000,2575.50
20171025,0000,2575.61
20171026,0000,2574.83
20171027,0000,2574.66
20171028,0000,2575.67
20171029,0000,2576.89
20171030,0000,2576.29
20171031,0000,2575.14
20171101,0000,2575.01
20171102,0000,2574.28
20171103,0000,2574.04
20171104,0000,2574.28
20171105,0000,2575.06
20171106,0000,2575.35
20171107,0000,2575.67
20171108,0000,2576.32
20171109,0000,2576.57
20171110,0000,2576.77
20171111,0000,2576.74
20171112,0000,2576.45
20171113,0000,2576.50
20171114,0000,2576.33
20171115,0000,2576.14
20171116,0000,2575.70
20171117,0000,2575.17
20171118,0000,2574.87
20171119,0000,2575.55
20171120,0000,2575.28
20171121,0000,2574.87
20171122,0000,2573.59
20171123,0000,2573.64
20171124,0000,2574.32
20171125,0000,2574.79
20171126,0000,2575.73
20171127,0000,2575.14
20171128,0000,2574.62
20171129,0000,2574.35
20171130,0000,2574.70
20171201,0000,2574.48
20171202,0000,2575.35
20171203,0000,2576.00
20171204,0000,2575.56
20171205,0000,2574.61
20171206,0000,2573.77
20171207,0000,2573.09
20171208,0000,2573.52
20171209,0000,2573.98
20171210,0000,2574.28
20171211,0000,2574.37
20171212,0000,2574.33
20171213,0000,2574.37
20171214,0000,2574.55
20171215,0000,2575.11
20171216,0000,2575.44
20171217,0000,2576.21
20171218,0000,2575.63
20171219,0000,2575.38
20171220,0000,2575.10
20171221,0000,2573.37
20171222,0000,2572.55
20171223,0000,2573.25
20171224,0000,2574.28
20171225,0000,2575.38
20171226,0000,2574.96
20171227,0000,2574.48
20171228,0000,2573.42
20171229,0000,2572.97
20171230,0000,2574.33
20171231,0000,2574.28
20180101,0000,2574.63
20180102,0000,2574.76
20180103,0000,2573.24
20180104,0000,2574.22
20180105,0000,2574.31
20180106,0000,2574.81
20180107,0000,2575.29
20180108,0000,2575.23
20180109,0000,2574.40
20180110,0000,2575.34
20180111,0000,2574.20
20180112,0000,2573.50
20180113,0000,2574.12
20180114,0000,2574.31
20180115,0000,2575.38
20180116,0000,2574.72
20180117,0000,2574.36
20180118,0000,2573.61
20180119,0000,2573.06
20180120,0000,2573.61
20180121,0000,2574.45
20180122,0000,2574.24
20180123,0000,2574.19
20180124,0000,2574.21
20180125,0000,2574.39
20180126,0000,2574.30
20180127,0000,2574.85
20180128,0000,2575.08
20180129,0000,2574.54
20180130,0000,2574.98
20180131,0000,2574.72
20180201,0000,2573.59
20180202,0000,2572.76
20180203,0000,2572.35
20180204,0000,2573.27
20180205,0000,2572.91
20180206,0000,2573.51
20180207,0000,2574.16
20180208,0000,2574.04
20180209,0000,2574.13
20180210,0000,2574.43
20180211,0000,2576.48
20180212,0000,2575.44
20180213,0000,2574.90
20180214,0000,2574.48
20180215,0000,2574.54
20180216,0000,2573.02
20180217,0000,2573.84
20180218,0000,2574.39
20180219,0000,2575.41
20180220,0000,2576.18
20180221,0000,2574.51
20180222,0000,2574.24
20180223,0000,2574.02
20180224,0000,2574.06
20180225,0000,2575.22
20180226,0000,2575.35
20180227,0000,2575.62
20180228,0000,2575.11
20180301,0000,2574.78
20180302,0000,2575.14
20180303,0000,2575.52
20180304,0000,2575.97
20180305,0000,2575.76
20180306,0000,2576.06
20180307,0000,2576.09
20180308,0000,2576.12
20180309,0000,2575.55
20180310,0000,2575.43
20180311,0000,2575.44
20180312,0000,2576.39
20180313,0000,2576.09
20180314,0000,2576.53
20180315,0000,2576.55
20180316,0000,2575.89
20180317,0000,2575.91
20180318,0000,2576.26
20180319,0000,2575.64
20180320,0000,2575.43
20180321,0000,2574.13
20180322,0000,2573.09
20180323,0000,2572.97
20180324,0000,2573.65
20180325,0000,2573.24
20180326,0000,2572.52
20180327,0000,2572.44
20180328,0000,2572.41
20180329,0000,2571.61
20180330,0000,2571.78
20180331,0000,2573.27
20180401,0000,2574.01
20180402,0000,2572.73
20180403,0000,2572.12
20180404,0000,2572.44
20180405,0000,2573.74
20180406,0000,2573.58
20180407,0000,2573.68
20180408,0000,2574.30
20180409,0000,2573.86
20180410,0000,2573.68
20180411,0000,2573.64
20180412,0000,2573.35
20180413,0000,2575.11
20180414,0000,2576.06
20180415,0000,2574.51
20180416,0000,2574.55
20180417,0000,2574.66
20180418,0000,2573.89
20180419,0000,2574.19
20180420,0000,2573.52
20180421,0000,2573.29
20180422,0000,2572.97
20180423,0000,2573.16
20180424,0000,2572.52
20180425,0000,2572.76
20180426,0000,2573.12
20180427,0000,2573.35
20180428,0000,2573.90
20180429,0000,2574.91
20180430,0000,2574.89
20180501,0000,2574.75
20180502,0000,2574.63
20180503,0000,2574.46
20180504,0000,2574.42
20180505,0000,2574.21
20180506,0000,2574.30
20180507,0000,2573.80
20180508,0000,2574.69
20180509,0000,2574.54
20180510,0000,2573.35
20180511,0000,2572.82
20180512,0000,2573.77
20180513,0000,2575.17
20180514,0000,2574.77
20180515,0000,2573.89
20180516,0000,2574.07
20180517,0000,2573.78
20180518,0000,2573.50
20180519,0000,2573.36
20180520,0000,2574.31
20180521,0000,2574.43
20180522,0000,2574.64
20180523,0000,2574.48
20180524,0000,2574.33
20180525,0000,2573.74
20180526,0000,2573.83
20180527,0000,2574.23
20180528,0000,2574.46
20180529,0000,2574.48
20180530,0000,2574.52
20180531,0000,2574.34
20180601,0000,2574.04
20180602,0000,2575.05
20180603,0000,2575.94
20180604,0000,2575.38
20180605,0000,2575.34
20180606,0000,2574.93
20180607,0000,2574.07
20180608,0000,2573.20
20180609,0000,2574.04
20180610,0000,2575.61
20180611,0000,2575.32
20180612,0000,2574.99
20180613,0000,2574.87
20180614,0000,2574.75
20180615,0000,2573.39
20180616,0000,2573.50
20180617,0000,2575.69
20180618,0000,2575.44
20180619,0000,2576.01
20180620,0000,2575.55
20180621,0000,2574.72
20180622,0000,2574.10
20180623,0000,2574.31
20180624,0000,2574.95
20180625,0000,2574.96
20180626,0000,2574.43
20180627,0000,2574.49
20180628,0000,2574.54
20180629,0000,2574.24
20180630,0000,2574.15
20180701,0000,2574.60
20180702,0000,2574.81
20180703,0000,2574.96
20180704,0000,2575.94
20180705,0000,2575.40
20180706,0000,2574.33
20180707,0000,2572.52
20180708,0000,2573.25
20180709,0000,2573.38
20180710,0000,2574.09
20180711,0000,2572.62
20180712,0000,2572.79
20180713,0000,2572.99
20180714,0000,2573.36
20180715,0000,2573.02
20180716,0000,2572.68
20180717,0000,2572.01
20180718,0000,2572.16
20180719,0000,2571.07
20180720,0000,2573.50
20180721,0000,2575.46
20180722,0000,2576.19
20180723,0000,2575.25
20180724,0000,2574.51
20180725,0000,2574.40
20180726,0000,2574.48
20180727,0000,2572.98
20180728,0000,2574.04